SET SERVEROUTPUT ON;

DECLARE
  R_CNT      NUMBER := 0;
  TYPE T_NAMES IS
    VARRAY(9) OF VARCHAR2(20);
  TABLE_LIST T_NAMES;
BEGIN
  TABLE_LIST := T_NAMES('A2_ROOM_TYPE', 'A2_ROOM', 'A2_GUEST', 'A2_BOOKING', 'A2_RESERVATION', 'A2_EXTRA', 'A2_PRICE_LIST', 'A2_FIXED_EXTRA', 'A2_ADDITIONAL_EXTRA');
  DBMS_OUTPUT.PUT_LINE('Dropping Tables ...');
  FOR ELEMENT IN 1 .. TABLE_LIST.COUNT LOOP
    SELECT
      COUNT (*) INTO R_CNT
    FROM
      ALL_TABLES
    WHERE
      TABLE_NAME = TABLE_LIST(ELEMENT)
      AND OWNER = (
        SELECT
          SYS_CONTEXT ('userenv', 'current_schema')
        FROM
          DUAL
      );
    IF (R_CNT > 0) THEN
      EXECUTE IMMEDIATE 'DROP TABLE '
                        || TABLE_LIST(ELEMENT)
                        || ' CASCADE CONSTRAINTS';
      DBMS_OUTPUT.PUT_LINE(' ... '
                           || TABLE_LIST(ELEMENT));
    END IF;
  END LOOP;

  DBMS_OUTPUT.PUT_LINE('Create Tables ...');
  EXECUTE IMMEDIATE 'CREATE TABLE A2_Room_Type 
                      (  Room_Type     VARCHAR2(6) PRIMARY KEY
                                        CHECK ( Room_Type IN ( ''Single'', ''Double'', ''Twin'', ''Family'' )),
                         Sleeps        NUMBER(1,0) NOT NULL,
                         Description   VARCHAR2(1000))';
  DBMS_OUTPUT.PUT_LINE(' ... A2_ROOM_TYPE');
  EXECUTE IMMEDIATE 'CREATE TABLE A2_Room
                     ( Room_Number   VARCHAR2(4) PRIMARY KEY,
                       Room_Type     VARCHAR2(6) NOT NULL
                                                 CHECK ( Room_Type IN ( ''Single'',
                                                                        ''Double'',
                                                                        ''Twin'',
                                                                        ''Family'' ))
                                                 REFERENCES A2_Room_Type (Room_Type),
                       Shower        VARCHAR2(1) NOT NULL
                                                 CHECK ( Shower IN ( ''Y'', ''N'' )),
                       Bath          VARCHAR2(1) NOT NULL
                                                 CHECK ( Bath IN ( ''Y'', ''N'' )),
                       Balcony       VARCHAR2(1) NOT NULL
                                                 CHECK ( Balcony IN ( ''Y'', ''N'' )) )';
  DBMS_OUTPUT.PUT_LINE(' ... A2_ROOM');
  EXECUTE IMMEDIATE 'CREATE TABLE A2_Guest
                     ( Guest_ID	     VARCHAR2(6)   PRIMARY KEY,
                       Family_Name	 VARCHAR2(40)  NOT NULL,
                       Given_Name	 VARCHAR2(40)  NOT NULL,
                       Date_of_Birth DATE	       NOT NULL,
                       Address	     VARCHAR2(200) NOT NULL )';
  DBMS_OUTPUT.PUT_LINE(' ... A2_GUEST');
  EXECUTE IMMEDIATE 'CREATE TABLE A2_Booking
                     ( Booking_Number	VARCHAR2(10)	PRIMARY KEY,
                       Guest	        VARCHAR2(6)	    NOT NULL
					                                    REFERENCES A2_Guest (Guest_ID),
                       Date_Made	    DATE            NOT NULL,
                       Reason	        VARCHAR2(8)     NOT NULL
					                                    CHECK ( Reason IN ( ''Business'',
                                                                            ''Leisure'' )))';
  DBMS_OUTPUT.PUT_LINE(' ... A2_BOOKING');
  EXECUTE IMMEDIATE 'CREATE TABLE A2_Reservation
                     ( Booking_Number	VARCHAR2(10)	NOT NULL
		                                REFERENCES A2_Booking (Booking_Number),
                       Room_Number	    VARCHAR2(4)	    NOT NULL
		                                REFERENCES A2_Room (Room_Number),
                       Date_Reserved	DATE	        NOT NULL,
                        PRIMARY KEY (Booking_Number, Room_Number, Date_Reserved) )';
  DBMS_OUTPUT.PUT_LINE(' ... A2_SHOWING');
  EXECUTE IMMEDIATE 'CREATE TABLE A2_Extra
                     ( Extra_ID	          VARCHAR2(6)	PRIMARY KEY,
                       Object_Name	      VARCHAR2(30)	NOT NULL
		                                  CHECK ( Object_Name IN ( ''Kettle'',
																   ''Baby Highchair'',
		                                                           ''Iron and Board'',
		                                                           ''Cot'',
		                                                           ''Newspaper'',
																   ''Trouser Press'',
		                                                           ''Wifi'' )),
                       Object_Description VARCHAR2(400)	NOT NULL,
                       Object_Price	      NUMBER(5,2)	NOT NULL )';
  DBMS_OUTPUT.PUT_LINE(' ... A2_EXTRA');
  EXECUTE IMMEDIATE 'CREATE TABLE A2_Price_List
                     ( Room_Number	VARCHAR2(4)	NOT NULL
		                            REFERENCES A2_Room (Room_Number),
                       Season	    VARCHAR2(4)	NOT NULL,
                       Weekday	    CHAR(3)	    NOT NULL,
                       Price	    NUMBER(6,2)	NOT NULL,
                        PRIMARY KEY (Room_Number, Season, Weekday) )';
  DBMS_OUTPUT.PUT_LINE(' ... A2_PRICE_LIST');
  EXECUTE IMMEDIATE 'CREATE TABLE A2_Fixed_Extra
                     ( Room_Number	VARCHAR2(4)	NOT NULL
		                            REFERENCES A2_Room (Room_Number),
                       Extra_ID	    VARCHAR2(6)	NOT NULL
		                            REFERENCES A2_Extra (Extra_ID),
                        PRIMARY KEY (Room_Number, Extra_ID))';
  DBMS_OUTPUT.PUT_LINE(' ... A2_FIXED_EXTRA');
  EXECUTE IMMEDIATE 'CREATE TABLE A2_Additional_Extra
                     ( Booking_Number VARCHAR2(10)	NOT NULL,
                       Room_Number	  VARCHAR2(4)	NOT NULL,
                       Date_Reserved  DATE	NOT NULL,
                       Extra_ID	      VARCHAR2(6)	NOT NULL
		                              REFERENCES A2_Extra (Extra_ID),
                        FOREIGN KEY (Booking_Number, Room_Number, Date_Reserved)
                         REFERENCES A2_Reservation (Booking_Number, Room_Number, Date_Reserved),
                        PRIMARY KEY (Booking_Number, Room_Number, Date_Reserved, Extra_ID))';
  DBMS_OUTPUT.PUT_LINE(' ... A2_ADDITIONAL_EXTRA');
  DBMS_OUTPUT.PUT_LINE(' ');
  DBMS_OUTPUT.PUT_LINE('All tables created.');
  DBMS_OUTPUT.PUT_LINE('');
  DBMS_OUTPUT.PUT_LINE('Populate Tables ...');
  EXECUTE IMMEDIATE 'INSERT INTO A2_Guest VALUES ( ''933458'', ''Robbins'', ''Martha'', TO_DATE( ''16/04/1992'', ''DD/MM/YYYY'' ), ''74b, Sandley Towers, Sandley'' )';
  EXECUTE IMMEDIATE 'INSERT INTO A2_Guest VALUES ( ''226725'', ''Silver'', ''Richard '', TO_DATE( ''09/09/1965'', ''DD/MM/YYYY'' ), ''298, Christchurch Lane, Lindon'' )';
  EXECUTE IMMEDIATE 'INSERT INTO A2_Guest VALUES ( ''632134'', ''Lance'', ''Abe'', TO_DATE( ''27/02/1959'', ''DD/MM/YYYY'' ), ''81, Templemead, Sharpenley'' )';
  EXECUTE IMMEDIATE 'INSERT INTO A2_Guest VALUES ( ''038464'', ''Martins'', ''Rebecca'', TO_DATE( ''13/09/1986'', ''DD/MM/YYYY'' ), ''34, Mount Drive, Lindon'' )';
  EXECUTE IMMEDIATE 'INSERT INTO A2_Guest VALUES ( ''826367'', ''Grace'', ''Thomas'', TO_DATE( ''16/11/2000'', ''DD/MM/YYYY'' ), ''23, High Street, Lindon'' )';
  EXECUTE IMMEDIATE 'INSERT INTO A2_Guest VALUES ( ''628222'', ''Legion'', ''Craig'', TO_DATE( ''15/01/1996'', ''DD/MM/YYYY'' ), ''8, Mandela Walk, Southlands'' )';
  EXECUTE IMMEDIATE 'INSERT INTO A2_Guest VALUES ( ''082164'', ''Marvin'', ''Leon'', TO_DATE( ''08/02/1989'', ''DD/MM/YYYY'' ), ''The Marches, Teal Avenue, Lindon'' )';
  EXECUTE IMMEDIATE 'INSERT INTO A2_Guest VALUES ( ''624801'', ''Kumar'', ''Satir'', TO_DATE( ''31/10/1998'', ''DD/MM/YYYY'' ), ''1, Sun Terrace, Tramley'' )';
  EXECUTE IMMEDIATE 'INSERT INTO A2_Guest VALUES ( ''776734'', ''Maru'', ''Callum'', TO_DATE( ''24/04/1979'', ''DD/MM/YYYY'' ), ''45, Margan Drive, Southlands'' )';
  EXECUTE IMMEDIATE 'INSERT INTO A2_Guest VALUES ( ''193445'', ''Strettle'', ''George'', TO_DATE( ''01/01/1984'', ''DD/MM/YYYY'' ), ''Rose Cottage, Mount Drive, Lindon'' )';
  EXECUTE IMMEDIATE 'INSERT INTO A2_Guest VALUES ( ''838384'', ''Grace'', ''Terence'', TO_DATE( ''30/05/1961'', ''DD/MM/YYYY'' ), ''23, High Street, Lindon'' )';
  EXECUTE IMMEDIATE 'INSERT INTO A2_Guest VALUES ( ''611874'', ''Holmsworthy'', ''Claire'', TO_DATE( ''05/03/2001'', ''DD/MM/YYYY'' ), ''11, Brookfield, Tramley'' )';
  EXECUTE IMMEDIATE 'INSERT INTO A2_Guest VALUES ( ''485639'', ''Kline'', ''Kevin'', TO_DATE( ''07/06/1991'', ''DD/MM/YYYY'' ), ''43, Sandpit Drive, Lindon'' )';
  EXECUTE IMMEDIATE 'INSERT INTO A2_Guest VALUES ( ''772839'', ''Tuttle'', ''Ruth'', TO_DATE( ''23/08/1993'', ''DD/MM/YYYY'' ), ''7, Clearways, Cosset'' )';
  EXECUTE IMMEDIATE 'INSERT INTO A2_Guest VALUES ( ''900239'', ''Singh'', ''Vital'', TO_DATE( ''09/07/1997'', ''DD/MM/YYYY'' ), ''11, Brentway, Sandley'' )';
  EXECUTE IMMEDIATE 'INSERT INTO A2_Guest VALUES ( ''802346'', ''Neo'', ''Rebecca'', TO_DATE( ''16/12/2000'', ''DD/MM/YYYY'' ), ''2a, Carnfield, Masterton'' )';
  EXECUTE IMMEDIATE 'INSERT INTO A2_Guest VALUES ( ''529809'', ''Leibermann'', ''Samuel'', TO_DATE( ''02/05/1996'', ''DD/MM/YYYY'' ), ''The Manor, Sandley Lane, Southlands'' )';
  EXECUTE IMMEDIATE 'INSERT INTO A2_Guest VALUES ( ''190911'', ''Fellows'', ''John'', TO_DATE( ''18/12/1999'', ''DD/MM/YYYY'' ), ''18, Whooper Way, Cosset'' )';
  EXECUTE IMMEDIATE 'INSERT INTO A2_Guest VALUES ( ''835123'', ''Oslovski'', ''Boris'', TO_DATE( ''13/10/1987'', ''DD/MM/YYYY'' ), ''108, High Street, Lindon'' )';
  EXECUTE IMMEDIATE 'INSERT INTO A2_Guest VALUES ( ''874902'', ''Wilson'', ''Claire'', TO_DATE( ''16/06/1997'', ''DD/MM/YYYY'' ), ''54, The Greenway, Lindon'' )';
  EXECUTE IMMEDIATE 'INSERT INTO A2_Guest VALUES ( ''519392'', ''Zimmerman'', ''Able'', TO_DATE( ''24/11/2001'', ''DD/MM/YYYY'' ), ''Flat 4, Helm House, Sharpenley'' )';
  EXECUTE IMMEDIATE 'INSERT INTO A2_Guest VALUES ( ''599222'', ''Genoa'', ''Carrie'', TO_DATE( ''16/12/1976'', ''DD/MM/YYYY'' ), ''106, Ridgeway, Sharpenley'' )';
  EXECUTE IMMEDIATE 'INSERT INTO A2_Guest VALUES ( ''200101'', ''Fellows'', ''Aaron'', TO_DATE( ''14/12/1968'', ''DD/MM/YYYY'' ), ''12, Abbey Road, Southlands'' )';
  EXECUTE IMMEDIATE 'INSERT INTO A2_Guest VALUES ( ''319899'', ''Slater'', ''Martin'', TO_DATE( ''09/03/1980'', ''DD/MM/YYYY'' ), ''1, Upper Lane, Lyndham'' )';
  EXECUTE IMMEDIATE 'INSERT INTO A2_Guest VALUES ( ''109738'', ''Mannock'', ''Harry '', TO_DATE( ''02/01/2000'', ''DD/MM/YYYY'' ), ''79, The Beeches, Masterton'' )';
  EXECUTE IMMEDIATE 'INSERT INTO A2_Guest VALUES ( ''180558'', ''Leeman'', ''Terence'', TO_DATE( ''17/05/1995'', ''DD/MM/YYYY'' ), ''3, Meadow View, Lindon'' )';
  EXECUTE IMMEDIATE 'INSERT INTO A2_Guest VALUES ( ''293764'', ''Simmonds'', ''Michael'', TO_DATE( ''12/04/1992'', ''DD/MM/YYYY'' ), ''28, Highridge Way, Layburn'' )';
  EXECUTE IMMEDIATE 'INSERT INTO A2_Guest VALUES ( ''463523'', ''Majors'', ''Louisa'', TO_DATE( ''06/06/1979'', ''DD/MM/YYYY'' ), ''82c, Crowsfoot Road, Layburn'' )';
  EXECUTE IMMEDIATE 'INSERT INTO A2_Guest VALUES ( ''859231'', ''Amman'', ''Said'', TO_DATE( ''26/07/1983'', ''DD/MM/YYYY'' ), ''29, The Roost, Cosset'' )';
  EXECUTE IMMEDIATE 'INSERT INTO A2_Guest VALUES ( ''342346'', ''Rivers'', ''Jill'', TO_DATE( ''20/10/1990'', ''DD/MM/YYYY'' ), ''4, Coningsby Close, Southlands'' )';
  EXECUTE IMMEDIATE 'INSERT INTO A2_Guest VALUES ( ''546264'', ''Gaye'', ''Anthony'', TO_DATE( ''17/07/1976'', ''DD/MM/YYYY'' ), ''31, Priory Walk, Lyndham'' )';
  EXECUTE IMMEDIATE 'INSERT INTO A2_Guest VALUES ( ''219987'', ''Southern'', ''Reece'', TO_DATE( ''21/03/1979'', ''DD/MM/YYYY'' ), ''16, Vicarage Road, Sandlin'' )';
  EXECUTE IMMEDIATE 'INSERT INTO A2_Guest VALUES ( ''591498'', ''Parraman'', ''Junior'', TO_DATE( ''08/03/1983'', ''DD/MM/YYYY'' ), ''57, Harper''''s Court, Louthham'' )';
  EXECUTE IMMEDIATE 'INSERT INTO A2_Guest VALUES ( ''984574'', ''Dixon'', ''Mel'', TO_DATE( ''04/04/1960'', ''DD/MM/YYYY'' ), ''41, Highridge Way, Layburn'' )';
  EXECUTE IMMEDIATE 'INSERT INTO A2_Guest VALUES ( ''254547'', ''Leeman'', ''Grace'', TO_DATE( ''08/12/1978'', ''DD/MM/YYYY'' ), ''96, Nightingale Avenue, Layburn'' )';
  EXECUTE IMMEDIATE 'INSERT INTO A2_Guest VALUES ( ''440937'', ''Malik'', ''Sunil'', TO_DATE( ''16/07/2001'', ''DD/MM/YYYY'' ), ''7, Pickard''''s Rise, Tramley'' )';
  EXECUTE IMMEDIATE 'INSERT INTO A2_Guest VALUES ( ''060401'', ''Mcfadden'', ''Garth'', TO_DATE( ''22/08/1979'', ''DD/MM/YYYY'' ), ''17, Windmill Drive, Bycester'' )';
  EXECUTE IMMEDIATE 'INSERT INTO A2_Guest VALUES ( ''090909'', ''Notmade'', ''Book'', TO_DATE( ''01/01/2000'', ''DD/MM/YYYY'' ), ''1, The Gardens, Masterton'' )';
  DBMS_OUTPUT.PUT_LINE(' ... A2_Guest');
  EXECUTE IMMEDIATE 'INSERT INTO A2_Booking VALUES ( ''HH00040134'', ''463523'', TO_DATE( ''15/03/2022'', ''DD/MM/YYYY'' ), ''Business'' )';
  EXECUTE IMMEDIATE 'INSERT INTO A2_Booking VALUES ( ''HH00040135'', ''463523'', TO_DATE( ''15/03/2022'', ''DD/MM/YYYY'' ), ''Business'' )';
  EXECUTE IMMEDIATE 'INSERT INTO A2_Booking VALUES ( ''HH00040136'', ''519392'', TO_DATE( ''17/03/2022'', ''DD/MM/YYYY'' ), ''Leisure'' )';
  EXECUTE IMMEDIATE 'INSERT INTO A2_Booking VALUES ( ''HH00040137'', ''632134'', TO_DATE( ''17/03/2022'', ''DD/MM/YYYY'' ), ''Leisure'' )';
  EXECUTE IMMEDIATE 'INSERT INTO A2_Booking VALUES ( ''HH00040138'', ''180558'', TO_DATE( ''17/03/2022'', ''DD/MM/YYYY'' ), ''Leisure'' )';
  EXECUTE IMMEDIATE 'INSERT INTO A2_Booking VALUES ( ''HH00040139'', ''219987'', TO_DATE( ''18/03/2022'', ''DD/MM/YYYY'' ), ''Leisure'' )';
  EXECUTE IMMEDIATE 'INSERT INTO A2_Booking VALUES ( ''HH00040140'', ''802346'', TO_DATE( ''20/03/2022'', ''DD/MM/YYYY'' ), ''Business'' )';
  EXECUTE IMMEDIATE 'INSERT INTO A2_Booking VALUES ( ''HH00040141'', ''060401'', TO_DATE( ''20/03/2022'', ''DD/MM/YYYY'' ), ''Business'' )';
  EXECUTE IMMEDIATE 'INSERT INTO A2_Booking VALUES ( ''HH00040142'', ''529809'', TO_DATE( ''21/03/2022'', ''DD/MM/YYYY'' ), ''Leisure'' )';
  EXECUTE IMMEDIATE 'INSERT INTO A2_Booking VALUES ( ''HH00040143'', ''835123'', TO_DATE( ''21/03/2022'', ''DD/MM/YYYY'' ), ''Leisure'' )';
  EXECUTE IMMEDIATE 'INSERT INTO A2_Booking VALUES ( ''HH00040144'', ''200101'', TO_DATE( ''21/03/2022'', ''DD/MM/YYYY'' ), ''Leisure'' )';
  EXECUTE IMMEDIATE 'INSERT INTO A2_Booking VALUES ( ''HH00040145'', ''772839'', TO_DATE( ''24/03/2022'', ''DD/MM/YYYY'' ), ''Leisure'' )';
  EXECUTE IMMEDIATE 'INSERT INTO A2_Booking VALUES ( ''HH00040146'', ''193445'', TO_DATE( ''26/03/2022'', ''DD/MM/YYYY'' ), ''Business'' )';
  EXECUTE IMMEDIATE 'INSERT INTO A2_Booking VALUES ( ''HH00040147'', ''082164'', TO_DATE( ''26/03/2022'', ''DD/MM/YYYY'' ), ''Leisure'' )';
  EXECUTE IMMEDIATE 'INSERT INTO A2_Booking VALUES ( ''HH00040148'', ''226725'', TO_DATE( ''26/03/2022'', ''DD/MM/YYYY'' ), ''Business'' )';
  EXECUTE IMMEDIATE 'INSERT INTO A2_Booking VALUES ( ''HH00040149'', ''293764'', TO_DATE( ''27/03/2022'', ''DD/MM/YYYY'' ), ''Leisure'' )';
  EXECUTE IMMEDIATE 'INSERT INTO A2_Booking VALUES ( ''HH00040150'', ''546264'', TO_DATE( ''27/03/2022'', ''DD/MM/YYYY'' ), ''Leisure'' )';
  EXECUTE IMMEDIATE 'INSERT INTO A2_Booking VALUES ( ''HH00040151'', ''776734'', TO_DATE( ''29/03/2022'', ''DD/MM/YYYY'' ), ''Business'' )';
  EXECUTE IMMEDIATE 'INSERT INTO A2_Booking VALUES ( ''HH00040152'', ''826367'', TO_DATE( ''29/03/2022'', ''DD/MM/YYYY'' ), ''Leisure'' )';
  EXECUTE IMMEDIATE 'INSERT INTO A2_Booking VALUES ( ''HH00040153'', ''190911'', TO_DATE( ''30/03/2022'', ''DD/MM/YYYY'' ), ''Leisure'' )';
  EXECUTE IMMEDIATE 'INSERT INTO A2_Booking VALUES ( ''HH00040154'', ''193445'', TO_DATE( ''30/03/2022'', ''DD/MM/YYYY'' ), ''Leisure'' )';
  EXECUTE IMMEDIATE 'INSERT INTO A2_Booking VALUES ( ''HH00040155'', ''900239'', TO_DATE( ''30/03/2022'', ''DD/MM/YYYY'' ), ''Leisure'' )';
  EXECUTE IMMEDIATE 'INSERT INTO A2_Booking VALUES ( ''HH00040156'', ''342346'', TO_DATE( ''30/03/2022'', ''DD/MM/YYYY'' ), ''Business'' )';
  EXECUTE IMMEDIATE 'INSERT INTO A2_Booking VALUES ( ''HH00040157'', ''874902'', TO_DATE( ''31/03/2022'', ''DD/MM/YYYY'' ), ''Leisure'' )';
  EXECUTE IMMEDIATE 'INSERT INTO A2_Booking VALUES ( ''HH00040158'', ''082164'', TO_DATE( ''31/03/2022'', ''DD/MM/YYYY'' ), ''Leisure'' )';
  EXECUTE IMMEDIATE 'INSERT INTO A2_Booking VALUES ( ''HH00040159'', ''038464'', TO_DATE( ''31/03/2022'', ''DD/MM/YYYY'' ), ''Leisure'' )';
  EXECUTE IMMEDIATE 'INSERT INTO A2_Booking VALUES ( ''HH00040160'', ''859231'', TO_DATE( ''31/03/2022'', ''DD/MM/YYYY'' ), ''Business'' )';
  EXECUTE IMMEDIATE 'INSERT INTO A2_Booking VALUES ( ''HH00040161'', ''546264'', TO_DATE( ''01/03/2022'', ''DD/MM/YYYY'' ), ''Business'' )';
  EXECUTE IMMEDIATE 'INSERT INTO A2_Booking VALUES ( ''HH00040162'', ''835123'', TO_DATE( ''01/03/2022'', ''DD/MM/YYYY'' ), ''Leisure'' )';
  EXECUTE IMMEDIATE 'INSERT INTO A2_Booking VALUES ( ''HH00040163'', ''319899'', TO_DATE( ''03/03/2022'', ''DD/MM/YYYY'' ), ''Business'' )';
  EXECUTE IMMEDIATE 'INSERT INTO A2_Booking VALUES ( ''HH00040164'', ''984574'', TO_DATE( ''03/03/2022'', ''DD/MM/YYYY'' ), ''Business'' )';
  EXECUTE IMMEDIATE 'INSERT INTO A2_Booking VALUES ( ''HH00040165'', ''591498'', TO_DATE( ''04/03/2022'', ''DD/MM/YYYY'' ), ''Leisure'' )';
  EXECUTE IMMEDIATE 'INSERT INTO A2_Booking VALUES ( ''HH00040166'', ''190911'', TO_DATE( ''04/03/2022'', ''DD/MM/YYYY'' ), ''Leisure'' )';
  EXECUTE IMMEDIATE 'INSERT INTO A2_Booking VALUES ( ''HH00040167'', ''293764'', TO_DATE( ''06/03/2022'', ''DD/MM/YYYY'' ), ''Leisure'' )';
  EXECUTE IMMEDIATE 'INSERT INTO A2_Booking VALUES ( ''HH00040168'', ''440937'', TO_DATE( ''06/03/2022'', ''DD/MM/YYYY'' ), ''Leisure'' )';
  EXECUTE IMMEDIATE 'INSERT INTO A2_Booking VALUES ( ''HH00040169'', ''599222'', TO_DATE( ''06/03/2022'', ''DD/MM/YYYY'' ), ''Business'' )';
  EXECUTE IMMEDIATE 'INSERT INTO A2_Booking VALUES ( ''HH00040170'', ''109738'', TO_DATE( ''07/03/2022'', ''DD/MM/YYYY'' ), ''Leisure'' )';
  EXECUTE IMMEDIATE 'INSERT INTO A2_Booking VALUES ( ''HH00040171'', ''826367'', TO_DATE( ''07/03/2022'', ''DD/MM/YYYY'' ), ''Business'' )';
  EXECUTE IMMEDIATE 'INSERT INTO A2_Booking VALUES ( ''HH00040172'', ''802346'', TO_DATE( ''07/03/2022'', ''DD/MM/YYYY'' ), ''Business'' )';
  EXECUTE IMMEDIATE 'INSERT INTO A2_Booking VALUES ( ''HH00040173'', ''082164'', TO_DATE( ''07/03/2022'', ''DD/MM/YYYY'' ), ''Leisure'' )';
  EXECUTE IMMEDIATE 'INSERT INTO A2_Booking VALUES ( ''HH00040174'', ''342346'', TO_DATE( ''08/03/2022'', ''DD/MM/YYYY'' ), ''Leisure'' )';
  EXECUTE IMMEDIATE 'INSERT INTO A2_Booking VALUES ( ''HH00040175'', ''319899'', TO_DATE( ''08/03/2022'', ''DD/MM/YYYY'' ), ''Leisure'' )';
  EXECUTE IMMEDIATE 'INSERT INTO A2_Booking VALUES ( ''HH00040176'', ''933458'', TO_DATE( ''09/03/2022'', ''DD/MM/YYYY'' ), ''Leisure'' )';
  EXECUTE IMMEDIATE 'INSERT INTO A2_Booking VALUES ( ''HH00040177'', ''826367'', TO_DATE( ''11/03/2022'', ''DD/MM/YYYY'' ), ''Leisure'' )';
  EXECUTE IMMEDIATE 'INSERT INTO A2_Booking VALUES ( ''HH00040178'', ''546264'', TO_DATE( ''13/03/2022'', ''DD/MM/YYYY'' ), ''Business'' )';
  EXECUTE IMMEDIATE 'INSERT INTO A2_Booking VALUES ( ''HH00040179'', ''200101'', TO_DATE( ''14/03/2022'', ''DD/MM/YYYY'' ), ''Leisure'' )';
  EXECUTE IMMEDIATE 'INSERT INTO A2_Booking VALUES ( ''HH00040180'', ''835123'', TO_DATE( ''14/03/2022'', ''DD/MM/YYYY'' ), ''Business'' )';
  EXECUTE IMMEDIATE 'INSERT INTO A2_Booking VALUES ( ''HH00040181'', ''082164'', TO_DATE( ''14/03/2022'', ''DD/MM/YYYY'' ), ''Business'' )';
  EXECUTE IMMEDIATE 'INSERT INTO A2_Booking VALUES ( ''HH00040182'', ''109738'', TO_DATE( ''14/03/2022'', ''DD/MM/YYYY'' ), ''Business'' )';
  EXECUTE IMMEDIATE 'INSERT INTO A2_Booking VALUES ( ''HH00040183'', ''599222'', TO_DATE( ''15/03/2022'', ''DD/MM/YYYY'' ), ''Leisure'' )';
  EXECUTE IMMEDIATE 'INSERT INTO A2_Booking VALUES ( ''HH00040184'', ''776734'', TO_DATE( ''15/03/2022'', ''DD/MM/YYYY'' ), ''Leisure'' )';
  EXECUTE IMMEDIATE 'INSERT INTO A2_Booking VALUES ( ''HH00040185'', ''190911'', TO_DATE( ''15/03/2022'', ''DD/MM/YYYY'' ), ''Leisure'' )';
  EXECUTE IMMEDIATE 'INSERT INTO A2_Booking VALUES ( ''HH00040186'', ''519392'', TO_DATE( ''15/03/2022'', ''DD/MM/YYYY'' ), ''Leisure'' )';
  EXECUTE IMMEDIATE 'INSERT INTO A2_Booking VALUES ( ''HH00040187'', ''193445'', TO_DATE( ''16/03/2022'', ''DD/MM/YYYY'' ), ''Leisure'' )';
  EXECUTE IMMEDIATE 'INSERT INTO A2_Booking VALUES ( ''HH00040188'', ''342346'', TO_DATE( ''18/03/2022'', ''DD/MM/YYYY'' ), ''Leisure'' )';
  EXECUTE IMMEDIATE 'INSERT INTO A2_Booking VALUES ( ''HH00040189'', ''319899'', TO_DATE( ''19/03/2022'', ''DD/MM/YYYY'' ), ''Business'' )';
  EXECUTE IMMEDIATE 'INSERT INTO A2_Booking VALUES ( ''HH00040190'', ''226725'', TO_DATE( ''19/03/2022'', ''DD/MM/YYYY'' ), ''Leisure'' )';
  DBMS_OUTPUT.PUT_LINE(' ... A2_Booking');
  EXECUTE IMMEDIATE 'INSERT INTO A2_Room_Type VALUES ( ''Single'', ''1'', ''One 140cm wide single bed'' )';
  EXECUTE IMMEDIATE 'INSERT INTO A2_Room_Type VALUES ( ''Double'', ''2'', ''One 180cm wide double bed'' )';
  EXECUTE IMMEDIATE 'INSERT INTO A2_Room_Type VALUES ( ''Twin'', ''2'', ''Two 140cm wide single beds'' )';
  EXECUTE IMMEDIATE 'INSERT INTO A2_Room_Type VALUES ( ''Family'', ''4'', ''One 180cm wide double bed and two 140cm wide single beds'' )';
  DBMS_OUTPUT.PUT_LINE(' ... A2_Room_Type');
  EXECUTE IMMEDIATE 'INSERT INTO A2_Room VALUES ( ''001'', ''Family'', ''Y'', ''Y'', ''N'' )';
  EXECUTE IMMEDIATE 'INSERT INTO A2_Room VALUES ( ''002'', ''Family'', ''Y'', ''Y'', ''N'' )';
  EXECUTE IMMEDIATE 'INSERT INTO A2_Room VALUES ( ''003'', ''Single'', ''N'', ''Y'', ''N'' )';
  EXECUTE IMMEDIATE 'INSERT INTO A2_Room VALUES ( ''004'', ''Single'', ''Y'', ''N'', ''N'' )';
  EXECUTE IMMEDIATE 'INSERT INTO A2_Room VALUES ( ''005'', ''Twin'', ''Y'', ''N'', ''N'' )';
  EXECUTE IMMEDIATE 'INSERT INTO A2_Room VALUES ( ''101'', ''Double'', ''Y'', ''Y'', ''N'' )';
  EXECUTE IMMEDIATE 'INSERT INTO A2_Room VALUES ( ''102'', ''Double'', ''Y'', ''N'', ''N'' )';
  EXECUTE IMMEDIATE 'INSERT INTO A2_Room VALUES ( ''103'', ''Double'', ''Y'', ''Y'', ''N'' )';
  EXECUTE IMMEDIATE 'INSERT INTO A2_Room VALUES ( ''104'', ''Double'', ''Y'', ''N'', ''N'' )';
  EXECUTE IMMEDIATE 'INSERT INTO A2_Room VALUES ( ''105'', ''Family'', ''Y'', ''Y'', ''Y'' )';
  EXECUTE IMMEDIATE 'INSERT INTO A2_Room VALUES ( ''106'', ''Twin'', ''Y'', ''N'', ''Y'' )';
  EXECUTE IMMEDIATE 'INSERT INTO A2_Room VALUES ( ''107'', ''Double'', ''Y'', ''N'', ''N'' )';
  EXECUTE IMMEDIATE 'INSERT INTO A2_Room VALUES ( ''108'', ''Double'', ''Y'', ''N'', ''N'' )';
  EXECUTE IMMEDIATE 'INSERT INTO A2_Room VALUES ( ''109'', ''Twin'', ''Y'', ''N'', ''N'' )';
  EXECUTE IMMEDIATE 'INSERT INTO A2_Room VALUES ( ''110'', ''Twin'', ''Y'', ''Y'', ''N'' )';
  EXECUTE IMMEDIATE 'INSERT INTO A2_Room VALUES ( ''111'', ''Twin'', ''Y'', ''N'', ''N'' )';
  EXECUTE IMMEDIATE 'INSERT INTO A2_Room VALUES ( ''112'', ''Single'', ''Y'', ''N'', ''N'' )';
  EXECUTE IMMEDIATE 'INSERT INTO A2_Room VALUES ( ''113'', ''Double'', ''Y'', ''N'', ''Y'' )';
  EXECUTE IMMEDIATE 'INSERT INTO A2_Room VALUES ( ''114'', ''Double'', ''Y'', ''N'', ''Y'' )';
  EXECUTE IMMEDIATE 'INSERT INTO A2_Room VALUES ( ''115'', ''Twin'', ''Y'', ''N'', ''N'' )';
  EXECUTE IMMEDIATE 'INSERT INTO A2_Room VALUES ( ''116'', ''Family'', ''Y'', ''Y'', ''N'' )';
  EXECUTE IMMEDIATE 'INSERT INTO A2_Room VALUES ( ''117'', ''Double'', ''Y'', ''Y'', ''N'' )';
  EXECUTE IMMEDIATE 'INSERT INTO A2_Room VALUES ( ''118'', ''Double'', ''Y'', ''N'', ''N'' )';
  EXECUTE IMMEDIATE 'INSERT INTO A2_Room VALUES ( ''119'', ''Single'', ''Y'', ''N'', ''N'' )';
  EXECUTE IMMEDIATE 'INSERT INTO A2_Room VALUES ( ''120'', ''Twin'', ''Y'', ''N'', ''N'' )';
  EXECUTE IMMEDIATE 'INSERT INTO A2_Room VALUES ( ''201'', ''Double'', ''Y'', ''N'', ''N'' )';
  EXECUTE IMMEDIATE 'INSERT INTO A2_Room VALUES ( ''202'', ''Double'', ''Y'', ''N'', ''N'' )';
  EXECUTE IMMEDIATE 'INSERT INTO A2_Room VALUES ( ''203'', ''Twin'', ''Y'', ''N'', ''N'' )';
  EXECUTE IMMEDIATE 'INSERT INTO A2_Room VALUES ( ''204'', ''Twin'', ''Y'', ''N'', ''N'' )';
  EXECUTE IMMEDIATE 'INSERT INTO A2_Room VALUES ( ''205'', ''Single'', ''Y'', ''N'', ''Y'' )';
  EXECUTE IMMEDIATE 'INSERT INTO A2_Room VALUES ( ''206'', ''Single'', ''Y'', ''N'', ''N'' )';
  EXECUTE IMMEDIATE 'INSERT INTO A2_Room VALUES ( ''207'', ''Twin'', ''Y'', ''N'', ''N'' )';
  EXECUTE IMMEDIATE 'INSERT INTO A2_Room VALUES ( ''208'', ''Double'', ''Y'', ''N'', ''Y'' )';
  EXECUTE IMMEDIATE 'INSERT INTO A2_Room VALUES ( ''209'', ''Double'', ''Y'', ''N'', ''Y'' )';
  EXECUTE IMMEDIATE 'INSERT INTO A2_Room VALUES ( ''210'', ''Double'', ''Y'', ''N'', ''Y'' )';
  EXECUTE IMMEDIATE 'INSERT INTO A2_Room VALUES ( ''211'', ''Double'', ''Y'', ''N'', ''N'' )';
  EXECUTE IMMEDIATE 'INSERT INTO A2_Room VALUES ( ''212'', ''Family'', ''Y'', ''Y'', ''Y'' )';
  EXECUTE IMMEDIATE 'INSERT INTO A2_Room VALUES ( ''213'', ''Family'', ''Y'', ''Y'', ''N'' )';
  EXECUTE IMMEDIATE 'INSERT INTO A2_Room VALUES ( ''214'', ''Single'', ''N'', ''N'', ''N'' )';
  EXECUTE IMMEDIATE 'INSERT INTO A2_Room VALUES ( ''215'', ''Single'', ''Y'', ''N'', ''N'' )';
  EXECUTE IMMEDIATE 'INSERT INTO A2_Room VALUES ( ''216'', ''Single'', ''Y'', ''N'', ''N'' )';
  EXECUTE IMMEDIATE 'INSERT INTO A2_Room VALUES ( ''217'', ''Double'', ''Y'', ''N'', ''N'' )';
  EXECUTE IMMEDIATE 'INSERT INTO A2_Room VALUES ( ''218'', ''Double'', ''Y'', ''N'', ''Y'' )';
  EXECUTE IMMEDIATE 'INSERT INTO A2_Room VALUES ( ''219'', ''Double'', ''Y'', ''N'', ''N'' )';
  EXECUTE IMMEDIATE 'INSERT INTO A2_Room VALUES ( ''220'', ''Twin'', ''Y'', ''N'', ''N'' )';
  EXECUTE IMMEDIATE 'INSERT INTO A2_Room VALUES ( ''221'', ''Twin'', ''Y'', ''N'', ''N'' )';
  EXECUTE IMMEDIATE 'INSERT INTO A2_Room VALUES ( ''222'', ''Twin'', ''Y'', ''N'', ''N'' )';
  EXECUTE IMMEDIATE 'INSERT INTO A2_Room VALUES ( ''223'', ''Double'', ''Y'', ''Y'', ''Y'' )';
  EXECUTE IMMEDIATE 'INSERT INTO A2_Room VALUES ( ''224'', ''Double'', ''Y'', ''N'', ''N'' )';
  DBMS_OUTPUT.PUT_LINE(' ... A2_Room');
  EXECUTE IMMEDIATE 'INSERT INTO A2_Reservation VALUES ( ''HH00040134'', ''224'', TO_DATE( ''19/04/2022'', ''DD/MM/YYYY'' ) )';
  EXECUTE IMMEDIATE 'INSERT INTO A2_Reservation VALUES ( ''HH00040134'', ''224'', TO_DATE( ''20/04/2022'', ''DD/MM/YYYY'' ) )';
  EXECUTE IMMEDIATE 'INSERT INTO A2_Reservation VALUES ( ''HH00040135'', ''224'', TO_DATE( ''28/06/2022'', ''DD/MM/YYYY'' ) )';
  EXECUTE IMMEDIATE 'INSERT INTO A2_Reservation VALUES ( ''HH00040135'', ''224'', TO_DATE( ''29/06/2022'', ''DD/MM/YYYY'' ) )';
  EXECUTE IMMEDIATE 'INSERT INTO A2_Reservation VALUES ( ''HH00040135'', ''202'', TO_DATE( ''28/06/2022'', ''DD/MM/YYYY'' ) )';
  EXECUTE IMMEDIATE 'INSERT INTO A2_Reservation VALUES ( ''HH00040135'', ''202'', TO_DATE( ''29/06/2022'', ''DD/MM/YYYY'' ) )';
  EXECUTE IMMEDIATE 'INSERT INTO A2_Reservation VALUES ( ''HH00040136'', ''105'', TO_DATE( ''27/05/2022'', ''DD/MM/YYYY'' ) )';
  EXECUTE IMMEDIATE 'INSERT INTO A2_Reservation VALUES ( ''HH00040136'', ''105'', TO_DATE( ''28/05/2022'', ''DD/MM/YYYY'' ) )';
  EXECUTE IMMEDIATE 'INSERT INTO A2_Reservation VALUES ( ''HH00040136'', ''105'', TO_DATE( ''29/05/2022'', ''DD/MM/YYYY'' ) )';
  EXECUTE IMMEDIATE 'INSERT INTO A2_Reservation VALUES ( ''HH00040136'', ''105'', TO_DATE( ''30/05/2022'', ''DD/MM/YYYY'' ) )';
  EXECUTE IMMEDIATE 'INSERT INTO A2_Reservation VALUES ( ''HH00040136'', ''112'', TO_DATE( ''27/05/2022'', ''DD/MM/YYYY'' ) )';
  EXECUTE IMMEDIATE 'INSERT INTO A2_Reservation VALUES ( ''HH00040136'', ''112'', TO_DATE( ''28/05/2022'', ''DD/MM/YYYY'' ) )';
  EXECUTE IMMEDIATE 'INSERT INTO A2_Reservation VALUES ( ''HH00040136'', ''112'', TO_DATE( ''29/05/2022'', ''DD/MM/YYYY'' ) )';
  EXECUTE IMMEDIATE 'INSERT INTO A2_Reservation VALUES ( ''HH00040136'', ''112'', TO_DATE( ''30/05/2022'', ''DD/MM/YYYY'' ) )';
  EXECUTE IMMEDIATE 'INSERT INTO A2_Reservation VALUES ( ''HH00040137'', ''211'', TO_DATE( ''08/07/2022'', ''DD/MM/YYYY'' ) )';
  EXECUTE IMMEDIATE 'INSERT INTO A2_Reservation VALUES ( ''HH00040137'', ''211'', TO_DATE( ''09/07/2022'', ''DD/MM/YYYY'' ) )';
  EXECUTE IMMEDIATE 'INSERT INTO A2_Reservation VALUES ( ''HH00040138'', ''113'', TO_DATE( ''17/05/2022'', ''DD/MM/YYYY'' ) )';
  EXECUTE IMMEDIATE 'INSERT INTO A2_Reservation VALUES ( ''HH00040138'', ''113'', TO_DATE( ''18/05/2022'', ''DD/MM/YYYY'' ) )';
  EXECUTE IMMEDIATE 'INSERT INTO A2_Reservation VALUES ( ''HH00040138'', ''113'', TO_DATE( ''19/05/2022'', ''DD/MM/YYYY'' ) )';
  EXECUTE IMMEDIATE 'INSERT INTO A2_Reservation VALUES ( ''HH00040138'', ''005'', TO_DATE( ''17/05/2022'', ''DD/MM/YYYY'' ) )';
  EXECUTE IMMEDIATE 'INSERT INTO A2_Reservation VALUES ( ''HH00040138'', ''005'', TO_DATE( ''18/05/2022'', ''DD/MM/YYYY'' ) )';
  EXECUTE IMMEDIATE 'INSERT INTO A2_Reservation VALUES ( ''HH00040138'', ''005'', TO_DATE( ''19/05/2022'', ''DD/MM/YYYY'' ) )';
  EXECUTE IMMEDIATE 'INSERT INTO A2_Reservation VALUES ( ''HH00040139'', ''210'', TO_DATE( ''09/06/2022'', ''DD/MM/YYYY'' ) )';
  EXECUTE IMMEDIATE 'INSERT INTO A2_Reservation VALUES ( ''HH00040140'', ''223'', TO_DATE( ''19/04/2022'', ''DD/MM/YYYY'' ) )';
  EXECUTE IMMEDIATE 'INSERT INTO A2_Reservation VALUES ( ''HH00040140'', ''223'', TO_DATE( ''20/04/2022'', ''DD/MM/YYYY'' ) )';
  EXECUTE IMMEDIATE 'INSERT INTO A2_Reservation VALUES ( ''HH00040141'', ''202'', TO_DATE( ''19/04/2022'', ''DD/MM/YYYY'' ) )';
  EXECUTE IMMEDIATE 'INSERT INTO A2_Reservation VALUES ( ''HH00040141'', ''202'', TO_DATE( ''20/04/2022'', ''DD/MM/YYYY'' ) )';
  EXECUTE IMMEDIATE 'INSERT INTO A2_Reservation VALUES ( ''HH00040142'', ''114'', TO_DATE( ''15/06/2022'', ''DD/MM/YYYY'' ) )';
  EXECUTE IMMEDIATE 'INSERT INTO A2_Reservation VALUES ( ''HH00040142'', ''114'', TO_DATE( ''16/06/2022'', ''DD/MM/YYYY'' ) )';
  EXECUTE IMMEDIATE 'INSERT INTO A2_Reservation VALUES ( ''HH00040142'', ''114'', TO_DATE( ''17/06/2022'', ''DD/MM/YYYY'' ) )';
  EXECUTE IMMEDIATE 'INSERT INTO A2_Reservation VALUES ( ''HH00040142'', ''114'', TO_DATE( ''18/06/2022'', ''DD/MM/YYYY'' ) )';
  EXECUTE IMMEDIATE 'INSERT INTO A2_Reservation VALUES ( ''HH00040142'', ''114'', TO_DATE( ''19/06/2022'', ''DD/MM/YYYY'' ) )';
  EXECUTE IMMEDIATE 'INSERT INTO A2_Reservation VALUES ( ''HH00040142'', ''113'', TO_DATE( ''18/06/2022'', ''DD/MM/YYYY'' ) )';
  EXECUTE IMMEDIATE 'INSERT INTO A2_Reservation VALUES ( ''HH00040142'', ''115'', TO_DATE( ''18/06/2022'', ''DD/MM/YYYY'' ) )';
  EXECUTE IMMEDIATE 'INSERT INTO A2_Reservation VALUES ( ''HH00040143'', ''204'', TO_DATE( ''25/05/2022'', ''DD/MM/YYYY'' ) )';
  EXECUTE IMMEDIATE 'INSERT INTO A2_Reservation VALUES ( ''HH00040143'', ''204'', TO_DATE( ''26/05/2022'', ''DD/MM/YYYY'' ) )';
  EXECUTE IMMEDIATE 'INSERT INTO A2_Reservation VALUES ( ''HH00040143'', ''204'', TO_DATE( ''27/05/2022'', ''DD/MM/YYYY'' ) )';
  EXECUTE IMMEDIATE 'INSERT INTO A2_Reservation VALUES ( ''HH00040144'', ''112'', TO_DATE( ''13/06/2022'', ''DD/MM/YYYY'' ) )';
  EXECUTE IMMEDIATE 'INSERT INTO A2_Reservation VALUES ( ''HH00040144'', ''119'', TO_DATE( ''13/06/2022'', ''DD/MM/YYYY'' ) )';
  EXECUTE IMMEDIATE 'INSERT INTO A2_Reservation VALUES ( ''HH00040144'', ''216'', TO_DATE( ''13/06/2022'', ''DD/MM/YYYY'' ) )';
  EXECUTE IMMEDIATE 'INSERT INTO A2_Reservation VALUES ( ''HH00040144'', ''112'', TO_DATE( ''14/06/2022'', ''DD/MM/YYYY'' ) )';
  EXECUTE IMMEDIATE 'INSERT INTO A2_Reservation VALUES ( ''HH00040144'', ''119'', TO_DATE( ''14/06/2022'', ''DD/MM/YYYY'' ) )';
  EXECUTE IMMEDIATE 'INSERT INTO A2_Reservation VALUES ( ''HH00040144'', ''216'', TO_DATE( ''14/06/2022'', ''DD/MM/YYYY'' ) )';
  EXECUTE IMMEDIATE 'INSERT INTO A2_Reservation VALUES ( ''HH00040145'', ''211'', TO_DATE( ''25/06/2022'', ''DD/MM/YYYY'' ) )';
  EXECUTE IMMEDIATE 'INSERT INTO A2_Reservation VALUES ( ''HH00040145'', ''211'', TO_DATE( ''26/06/2022'', ''DD/MM/YYYY'' ) )';
  EXECUTE IMMEDIATE 'INSERT INTO A2_Reservation VALUES ( ''HH00040145'', ''211'', TO_DATE( ''27/06/2022'', ''DD/MM/YYYY'' ) )';
  EXECUTE IMMEDIATE 'INSERT INTO A2_Reservation VALUES ( ''HH00040145'', ''211'', TO_DATE( ''28/06/2022'', ''DD/MM/YYYY'' ) )';
  EXECUTE IMMEDIATE 'INSERT INTO A2_Reservation VALUES ( ''HH00040145'', ''211'', TO_DATE( ''29/06/2022'', ''DD/MM/YYYY'' ) )';
  EXECUTE IMMEDIATE 'INSERT INTO A2_Reservation VALUES ( ''HH00040145'', ''211'', TO_DATE( ''30/06/2022'', ''DD/MM/YYYY'' ) )';
  EXECUTE IMMEDIATE 'INSERT INTO A2_Reservation VALUES ( ''HH00040145'', ''211'', TO_DATE( ''01/07/2022'', ''DD/MM/YYYY'' ) )';
  EXECUTE IMMEDIATE 'INSERT INTO A2_Reservation VALUES ( ''HH00040146'', ''201'', TO_DATE( ''29/06/2022'', ''DD/MM/YYYY'' ) )';
  EXECUTE IMMEDIATE 'INSERT INTO A2_Reservation VALUES ( ''HH00040147'', ''201'', TO_DATE( ''18/06/2022'', ''DD/MM/YYYY'' ) )';
  EXECUTE IMMEDIATE 'INSERT INTO A2_Reservation VALUES ( ''HH00040147'', ''202'', TO_DATE( ''18/06/2022'', ''DD/MM/YYYY'' ) )';
  EXECUTE IMMEDIATE 'INSERT INTO A2_Reservation VALUES ( ''HH00040147'', ''208'', TO_DATE( ''18/06/2022'', ''DD/MM/YYYY'' ) )';
  EXECUTE IMMEDIATE 'INSERT INTO A2_Reservation VALUES ( ''HH00040147'', ''209'', TO_DATE( ''18/06/2022'', ''DD/MM/YYYY'' ) )';
  EXECUTE IMMEDIATE 'INSERT INTO A2_Reservation VALUES ( ''HH00040148'', ''218'', TO_DATE( ''05/07/2022'', ''DD/MM/YYYY'' ) )';
  EXECUTE IMMEDIATE 'INSERT INTO A2_Reservation VALUES ( ''HH00040149'', ''114'', TO_DATE( ''03/06/2022'', ''DD/MM/YYYY'' ) )';
  EXECUTE IMMEDIATE 'INSERT INTO A2_Reservation VALUES ( ''HH00040149'', ''114'', TO_DATE( ''04/06/2022'', ''DD/MM/YYYY'' ) )';
  EXECUTE IMMEDIATE 'INSERT INTO A2_Reservation VALUES ( ''HH00040150'', ''004'', TO_DATE( ''12/07/2022'', ''DD/MM/YYYY'' ) )';
  EXECUTE IMMEDIATE 'INSERT INTO A2_Reservation VALUES ( ''HH00040150'', ''112'', TO_DATE( ''12/07/2022'', ''DD/MM/YYYY'' ) )';
  EXECUTE IMMEDIATE 'INSERT INTO A2_Reservation VALUES ( ''HH00040150'', ''206'', TO_DATE( ''12/07/2022'', ''DD/MM/YYYY'' ) )';
  EXECUTE IMMEDIATE 'INSERT INTO A2_Reservation VALUES ( ''HH00040150'', ''004'', TO_DATE( ''13/07/2022'', ''DD/MM/YYYY'' ) )';
  EXECUTE IMMEDIATE 'INSERT INTO A2_Reservation VALUES ( ''HH00040150'', ''112'', TO_DATE( ''13/07/2022'', ''DD/MM/YYYY'' ) )';
  EXECUTE IMMEDIATE 'INSERT INTO A2_Reservation VALUES ( ''HH00040150'', ''206'', TO_DATE( ''13/07/2022'', ''DD/MM/YYYY'' ) )';
  EXECUTE IMMEDIATE 'INSERT INTO A2_Reservation VALUES ( ''HH00040150'', ''004'', TO_DATE( ''14/07/2022'', ''DD/MM/YYYY'' ) )';
  EXECUTE IMMEDIATE 'INSERT INTO A2_Reservation VALUES ( ''HH00040150'', ''112'', TO_DATE( ''14/07/2022'', ''DD/MM/YYYY'' ) )';
  EXECUTE IMMEDIATE 'INSERT INTO A2_Reservation VALUES ( ''HH00040150'', ''206'', TO_DATE( ''14/07/2022'', ''DD/MM/YYYY'' ) )';
  EXECUTE IMMEDIATE 'INSERT INTO A2_Reservation VALUES ( ''HH00040150'', ''004'', TO_DATE( ''15/07/2022'', ''DD/MM/YYYY'' ) )';
  EXECUTE IMMEDIATE 'INSERT INTO A2_Reservation VALUES ( ''HH00040150'', ''112'', TO_DATE( ''15/07/2022'', ''DD/MM/YYYY'' ) )';
  EXECUTE IMMEDIATE 'INSERT INTO A2_Reservation VALUES ( ''HH00040150'', ''206'', TO_DATE( ''15/07/2022'', ''DD/MM/YYYY'' ) )';
  EXECUTE IMMEDIATE 'INSERT INTO A2_Reservation VALUES ( ''HH00040150'', ''206'', TO_DATE( ''16/07/2022'', ''DD/MM/YYYY'' ) )';
  EXECUTE IMMEDIATE 'INSERT INTO A2_Reservation VALUES ( ''HH00040151'', ''108'', TO_DATE( ''05/06/2022'', ''DD/MM/YYYY'' ) )';
  EXECUTE IMMEDIATE 'INSERT INTO A2_Reservation VALUES ( ''HH00040151'', ''108'', TO_DATE( ''06/06/2022'', ''DD/MM/YYYY'' ) )';
  EXECUTE IMMEDIATE 'INSERT INTO A2_Reservation VALUES ( ''HH00040151'', ''108'', TO_DATE( ''07/06/2022'', ''DD/MM/YYYY'' ) )';
  EXECUTE IMMEDIATE 'INSERT INTO A2_Reservation VALUES ( ''HH00040152'', ''002'', TO_DATE( ''01/07/2022'', ''DD/MM/YYYY'' ) )';
  EXECUTE IMMEDIATE 'INSERT INTO A2_Reservation VALUES ( ''HH00040152'', ''002'', TO_DATE( ''02/07/2022'', ''DD/MM/YYYY'' ) )';
  EXECUTE IMMEDIATE 'INSERT INTO A2_Reservation VALUES ( ''HH00040152'', ''002'', TO_DATE( ''03/07/2022'', ''DD/MM/YYYY'' ) )';
  EXECUTE IMMEDIATE 'INSERT INTO A2_Reservation VALUES ( ''HH00040153'', ''120'', TO_DATE( ''16/06/2022'', ''DD/MM/YYYY'' ) )';
  EXECUTE IMMEDIATE 'INSERT INTO A2_Reservation VALUES ( ''HH00040153'', ''204'', TO_DATE( ''16/06/2022'', ''DD/MM/YYYY'' ) )';
  EXECUTE IMMEDIATE 'INSERT INTO A2_Reservation VALUES ( ''HH00040154'', ''218'', TO_DATE( ''16/06/2022'', ''DD/MM/YYYY'' ) )';
  EXECUTE IMMEDIATE 'INSERT INTO A2_Reservation VALUES ( ''HH00040155'', ''207'', TO_DATE( ''16/06/2022'', ''DD/MM/YYYY'' ) )';
  EXECUTE IMMEDIATE 'INSERT INTO A2_Reservation VALUES ( ''HH00040155'', ''208'', TO_DATE( ''16/06/2022'', ''DD/MM/YYYY'' ) )';
  EXECUTE IMMEDIATE 'INSERT INTO A2_Reservation VALUES ( ''HH00040155'', ''211'', TO_DATE( ''16/06/2022'', ''DD/MM/YYYY'' ) )';
  EXECUTE IMMEDIATE 'INSERT INTO A2_Reservation VALUES ( ''HH00040156'', ''115'', TO_DATE( ''12/07/2022'', ''DD/MM/YYYY'' ) )';
  EXECUTE IMMEDIATE 'INSERT INTO A2_Reservation VALUES ( ''HH00040156'', ''115'', TO_DATE( ''13/07/2022'', ''DD/MM/YYYY'' ) )';
  EXECUTE IMMEDIATE 'INSERT INTO A2_Reservation VALUES ( ''HH00040157'', ''116'', TO_DATE( ''19/07/2022'', ''DD/MM/YYYY'' ) )';
  EXECUTE IMMEDIATE 'INSERT INTO A2_Reservation VALUES ( ''HH00040157'', ''116'', TO_DATE( ''20/07/2022'', ''DD/MM/YYYY'' ) )';
  EXECUTE IMMEDIATE 'INSERT INTO A2_Reservation VALUES ( ''HH00040157'', ''116'', TO_DATE( ''21/07/2022'', ''DD/MM/YYYY'' ) )';
  EXECUTE IMMEDIATE 'INSERT INTO A2_Reservation VALUES ( ''HH00040157'', ''116'', TO_DATE( ''22/07/2022'', ''DD/MM/YYYY'' ) )';
  EXECUTE IMMEDIATE 'INSERT INTO A2_Reservation VALUES ( ''HH00040158'', ''113'', TO_DATE( ''16/06/2022'', ''DD/MM/YYYY'' ) )';
  EXECUTE IMMEDIATE 'INSERT INTO A2_Reservation VALUES ( ''HH00040159'', ''113'', TO_DATE( ''08/07/2022'', ''DD/MM/YYYY'' ) )';
  EXECUTE IMMEDIATE 'INSERT INTO A2_Reservation VALUES ( ''HH00040160'', ''101'', TO_DATE( ''06/07/2022'', ''DD/MM/YYYY'' ) )';
  EXECUTE IMMEDIATE 'INSERT INTO A2_Reservation VALUES ( ''HH00040160'', ''101'', TO_DATE( ''07/07/2022'', ''DD/MM/YYYY'' ) )';
  EXECUTE IMMEDIATE 'INSERT INTO A2_Reservation VALUES ( ''HH00040161'', ''103'', TO_DATE( ''06/07/2022'', ''DD/MM/YYYY'' ) )';
  EXECUTE IMMEDIATE 'INSERT INTO A2_Reservation VALUES ( ''HH00040161'', ''103'', TO_DATE( ''07/07/2022'', ''DD/MM/YYYY'' ) )';
  EXECUTE IMMEDIATE 'INSERT INTO A2_Reservation VALUES ( ''HH00040162'', ''105'', TO_DATE( ''25/06/2022'', ''DD/MM/YYYY'' ) )';
  EXECUTE IMMEDIATE 'INSERT INTO A2_Reservation VALUES ( ''HH00040162'', ''106'', TO_DATE( ''25/06/2022'', ''DD/MM/YYYY'' ) )';
  EXECUTE IMMEDIATE 'INSERT INTO A2_Reservation VALUES ( ''HH00040162'', ''103'', TO_DATE( ''25/06/2022'', ''DD/MM/YYYY'' ) )';
  EXECUTE IMMEDIATE 'INSERT INTO A2_Reservation VALUES ( ''HH00040162'', ''113'', TO_DATE( ''25/06/2022'', ''DD/MM/YYYY'' ) )';
  EXECUTE IMMEDIATE 'INSERT INTO A2_Reservation VALUES ( ''HH00040162'', ''114'', TO_DATE( ''25/06/2022'', ''DD/MM/YYYY'' ) )';
  EXECUTE IMMEDIATE 'INSERT INTO A2_Reservation VALUES ( ''HH00040162'', ''115'', TO_DATE( ''25/06/2022'', ''DD/MM/YYYY'' ) )';
  EXECUTE IMMEDIATE 'INSERT INTO A2_Reservation VALUES ( ''HH00040162'', ''219'', TO_DATE( ''25/06/2022'', ''DD/MM/YYYY'' ) )';
  EXECUTE IMMEDIATE 'INSERT INTO A2_Reservation VALUES ( ''HH00040162'', ''220'', TO_DATE( ''25/06/2022'', ''DD/MM/YYYY'' ) )';
  EXECUTE IMMEDIATE 'INSERT INTO A2_Reservation VALUES ( ''HH00040163'', ''108'', TO_DATE( ''01/06/2022'', ''DD/MM/YYYY'' ) )';
  EXECUTE IMMEDIATE 'INSERT INTO A2_Reservation VALUES ( ''HH00040163'', ''109'', TO_DATE( ''01/06/2022'', ''DD/MM/YYYY'' ) )';
  EXECUTE IMMEDIATE 'INSERT INTO A2_Reservation VALUES ( ''HH00040164'', ''114'', TO_DATE( ''21/06/2022'', ''DD/MM/YYYY'' ) )';
  EXECUTE IMMEDIATE 'INSERT INTO A2_Reservation VALUES ( ''HH00040165'', ''116'', TO_DATE( ''28/06/2022'', ''DD/MM/YYYY'' ) )';
  EXECUTE IMMEDIATE 'INSERT INTO A2_Reservation VALUES ( ''HH00040166'', ''224'', TO_DATE( ''27/06/2022'', ''DD/MM/YYYY'' ) )';
  EXECUTE IMMEDIATE 'INSERT INTO A2_Reservation VALUES ( ''HH00040167'', ''106'', TO_DATE( ''16/07/2022'', ''DD/MM/YYYY'' ) )';
  EXECUTE IMMEDIATE 'INSERT INTO A2_Reservation VALUES ( ''HH00040167'', ''107'', TO_DATE( ''16/07/2022'', ''DD/MM/YYYY'' ) )';
  EXECUTE IMMEDIATE 'INSERT INTO A2_Reservation VALUES ( ''HH00040168'', ''113'', TO_DATE( ''13/08/2022'', ''DD/MM/YYYY'' ) )';
  EXECUTE IMMEDIATE 'INSERT INTO A2_Reservation VALUES ( ''HH00040169'', ''101'', TO_DATE( ''02/08/2022'', ''DD/MM/YYYY'' ) )';
  EXECUTE IMMEDIATE 'INSERT INTO A2_Reservation VALUES ( ''HH00040170'', ''102'', TO_DATE( ''20/08/2022'', ''DD/MM/YYYY'' ) )';
  EXECUTE IMMEDIATE 'INSERT INTO A2_Reservation VALUES ( ''HH00040170'', ''104'', TO_DATE( ''20/08/2022'', ''DD/MM/YYYY'' ) )';
  EXECUTE IMMEDIATE 'INSERT INTO A2_Reservation VALUES ( ''HH00040170'', ''105'', TO_DATE( ''20/08/2022'', ''DD/MM/YYYY'' ) )';
  EXECUTE IMMEDIATE 'INSERT INTO A2_Reservation VALUES ( ''HH00040170'', ''106'', TO_DATE( ''20/08/2022'', ''DD/MM/YYYY'' ) )';
  EXECUTE IMMEDIATE 'INSERT INTO A2_Reservation VALUES ( ''HH00040170'', ''108'', TO_DATE( ''20/08/2022'', ''DD/MM/YYYY'' ) )';
  EXECUTE IMMEDIATE 'INSERT INTO A2_Reservation VALUES ( ''HH00040170'', ''111'', TO_DATE( ''20/08/2022'', ''DD/MM/YYYY'' ) )';
  EXECUTE IMMEDIATE 'INSERT INTO A2_Reservation VALUES ( ''HH00040170'', ''116'', TO_DATE( ''20/08/2022'', ''DD/MM/YYYY'' ) )';
  EXECUTE IMMEDIATE 'INSERT INTO A2_Reservation VALUES ( ''HH00040170'', ''117'', TO_DATE( ''20/08/2022'', ''DD/MM/YYYY'' ) )';
  EXECUTE IMMEDIATE 'INSERT INTO A2_Reservation VALUES ( ''HH00040170'', ''118'', TO_DATE( ''20/08/2022'', ''DD/MM/YYYY'' ) )';
  EXECUTE IMMEDIATE 'INSERT INTO A2_Reservation VALUES ( ''HH00040171'', ''117'', TO_DATE( ''27/07/2022'', ''DD/MM/YYYY'' ) )';
  EXECUTE IMMEDIATE 'INSERT INTO A2_Reservation VALUES ( ''HH00040172'', ''211'', TO_DATE( ''27/07/2022'', ''DD/MM/YYYY'' ) )';
  EXECUTE IMMEDIATE 'INSERT INTO A2_Reservation VALUES ( ''HH00040173'', ''218'', TO_DATE( ''30/07/2022'', ''DD/MM/YYYY'' ) )';
  EXECUTE IMMEDIATE 'INSERT INTO A2_Reservation VALUES ( ''HH00040173'', ''218'', TO_DATE( ''31/07/2022'', ''DD/MM/YYYY'' ) )';
  EXECUTE IMMEDIATE 'INSERT INTO A2_Reservation VALUES ( ''HH00040174'', ''119'', TO_DATE( ''13/07/2022'', ''DD/MM/YYYY'' ) )';
  EXECUTE IMMEDIATE 'INSERT INTO A2_Reservation VALUES ( ''HH00040174'', ''119'', TO_DATE( ''14/07/2022'', ''DD/MM/YYYY'' ) )';
  EXECUTE IMMEDIATE 'INSERT INTO A2_Reservation VALUES ( ''HH00040174'', ''119'', TO_DATE( ''15/07/2022'', ''DD/MM/YYYY'' ) )';
  EXECUTE IMMEDIATE 'INSERT INTO A2_Reservation VALUES ( ''HH00040175'', ''203'', TO_DATE( ''05/08/2022'', ''DD/MM/YYYY'' ) )';
  EXECUTE IMMEDIATE 'INSERT INTO A2_Reservation VALUES ( ''HH00040176'', ''201'', TO_DATE( ''22/07/2022'', ''DD/MM/YYYY'' ) )';
  EXECUTE IMMEDIATE 'INSERT INTO A2_Reservation VALUES ( ''HH00040176'', ''202'', TO_DATE( ''22/07/2022'', ''DD/MM/YYYY'' ) )';
  EXECUTE IMMEDIATE 'INSERT INTO A2_Reservation VALUES ( ''HH00040176'', ''203'', TO_DATE( ''22/07/2022'', ''DD/MM/YYYY'' ) )';
  EXECUTE IMMEDIATE 'INSERT INTO A2_Reservation VALUES ( ''HH00040177'', ''203'', TO_DATE( ''09/08/2022'', ''DD/MM/YYYY'' ) )';
  EXECUTE IMMEDIATE 'INSERT INTO A2_Reservation VALUES ( ''HH00040178'', ''219'', TO_DATE( ''09/08/2022'', ''DD/MM/YYYY'' ) )';
  EXECUTE IMMEDIATE 'INSERT INTO A2_Reservation VALUES ( ''HH00040179'', ''205'', TO_DATE( ''27/07/2022'', ''DD/MM/YYYY'' ) )';
  EXECUTE IMMEDIATE 'INSERT INTO A2_Reservation VALUES ( ''HH00040180'', ''201'', TO_DATE( ''10/08/2022'', ''DD/MM/YYYY'' ) )';
  EXECUTE IMMEDIATE 'INSERT INTO A2_Reservation VALUES ( ''HH00040180'', ''201'', TO_DATE( ''11/08/2022'', ''DD/MM/YYYY'' ) )';
  EXECUTE IMMEDIATE 'INSERT INTO A2_Reservation VALUES ( ''HH00040180'', ''201'', TO_DATE( ''12/08/2022'', ''DD/MM/YYYY'' ) )';
  EXECUTE IMMEDIATE 'INSERT INTO A2_Reservation VALUES ( ''HH00040181'', ''218'', TO_DATE( ''10/08/2022'', ''DD/MM/YYYY'' ) )';
  EXECUTE IMMEDIATE 'INSERT INTO A2_Reservation VALUES ( ''HH00040181'', ''218'', TO_DATE( ''11/08/2022'', ''DD/MM/YYYY'' ) )';
  EXECUTE IMMEDIATE 'INSERT INTO A2_Reservation VALUES ( ''HH00040182'', ''224'', TO_DATE( ''10/08/2022'', ''DD/MM/YYYY'' ) )';
  EXECUTE IMMEDIATE 'INSERT INTO A2_Reservation VALUES ( ''HH00040182'', ''224'', TO_DATE( ''11/08/2022'', ''DD/MM/YYYY'' ) )';
  EXECUTE IMMEDIATE 'INSERT INTO A2_Reservation VALUES ( ''HH00040182'', ''224'', TO_DATE( ''12/08/2022'', ''DD/MM/YYYY'' ) )';
  EXECUTE IMMEDIATE 'INSERT INTO A2_Reservation VALUES ( ''HH00040183'', ''219'', TO_DATE( ''07/07/2022'', ''DD/MM/YYYY'' ) )';
  EXECUTE IMMEDIATE 'INSERT INTO A2_Reservation VALUES ( ''HH00040183'', ''219'', TO_DATE( ''08/07/2022'', ''DD/MM/YYYY'' ) )';
  EXECUTE IMMEDIATE 'INSERT INTO A2_Reservation VALUES ( ''HH00040183'', ''219'', TO_DATE( ''09/07/2022'', ''DD/MM/YYYY'' ) )';
  EXECUTE IMMEDIATE 'INSERT INTO A2_Reservation VALUES ( ''HH00040183'', ''219'', TO_DATE( ''10/07/2022'', ''DD/MM/YYYY'' ) )';
  EXECUTE IMMEDIATE 'INSERT INTO A2_Reservation VALUES ( ''HH00040183'', ''219'', TO_DATE( ''11/07/2022'', ''DD/MM/YYYY'' ) )';
  EXECUTE IMMEDIATE 'INSERT INTO A2_Reservation VALUES ( ''HH00040183'', ''219'', TO_DATE( ''12/07/2022'', ''DD/MM/YYYY'' ) )';
  EXECUTE IMMEDIATE 'INSERT INTO A2_Reservation VALUES ( ''HH00040184'', ''213'', TO_DATE( ''06/08/2022'', ''DD/MM/YYYY'' ) )';
  EXECUTE IMMEDIATE 'INSERT INTO A2_Reservation VALUES ( ''HH00040184'', ''213'', TO_DATE( ''07/08/2022'', ''DD/MM/YYYY'' ) )';
  EXECUTE IMMEDIATE 'INSERT INTO A2_Reservation VALUES ( ''HH00040184'', ''213'', TO_DATE( ''08/08/2022'', ''DD/MM/YYYY'' ) )';
  EXECUTE IMMEDIATE 'INSERT INTO A2_Reservation VALUES ( ''HH00040184'', ''213'', TO_DATE( ''09/08/2022'', ''DD/MM/YYYY'' ) )';
  EXECUTE IMMEDIATE 'INSERT INTO A2_Reservation VALUES ( ''HH00040184'', ''213'', TO_DATE( ''10/08/2022'', ''DD/MM/YYYY'' ) )';
  EXECUTE IMMEDIATE 'INSERT INTO A2_Reservation VALUES ( ''HH00040184'', ''213'', TO_DATE( ''11/08/2022'', ''DD/MM/YYYY'' ) )';
  EXECUTE IMMEDIATE 'INSERT INTO A2_Reservation VALUES ( ''HH00040184'', ''213'', TO_DATE( ''12/08/2022'', ''DD/MM/YYYY'' ) )';
  EXECUTE IMMEDIATE 'INSERT INTO A2_Reservation VALUES ( ''HH00040185'', ''107'', TO_DATE( ''30/07/2022'', ''DD/MM/YYYY'' ) )';
  EXECUTE IMMEDIATE 'INSERT INTO A2_Reservation VALUES ( ''HH00040186'', ''201'', TO_DATE( ''19/08/2022'', ''DD/MM/YYYY'' ) )';
  EXECUTE IMMEDIATE 'INSERT INTO A2_Reservation VALUES ( ''HH00040186'', ''201'', TO_DATE( ''20/08/2022'', ''DD/MM/YYYY'' ) )';
  EXECUTE IMMEDIATE 'INSERT INTO A2_Reservation VALUES ( ''HH00040186'', ''202'', TO_DATE( ''19/08/2022'', ''DD/MM/YYYY'' ) )';
  EXECUTE IMMEDIATE 'INSERT INTO A2_Reservation VALUES ( ''HH00040186'', ''202'', TO_DATE( ''20/08/2022'', ''DD/MM/YYYY'' ) )';
  EXECUTE IMMEDIATE 'INSERT INTO A2_Reservation VALUES ( ''HH00040187'', ''115'', TO_DATE( ''27/07/2022'', ''DD/MM/YYYY'' ) )';
  EXECUTE IMMEDIATE 'INSERT INTO A2_Reservation VALUES ( ''HH00040188'', ''105'', TO_DATE( ''11/08/2022'', ''DD/MM/YYYY'' ) )';
  EXECUTE IMMEDIATE 'INSERT INTO A2_Reservation VALUES ( ''HH00040188'', ''105'', TO_DATE( ''12/08/2022'', ''DD/MM/YYYY'' ) )';
  EXECUTE IMMEDIATE 'INSERT INTO A2_Reservation VALUES ( ''HH00040188'', ''105'', TO_DATE( ''13/08/2022'', ''DD/MM/YYYY'' ) )';
  EXECUTE IMMEDIATE 'INSERT INTO A2_Reservation VALUES ( ''HH00040188'', ''116'', TO_DATE( ''11/08/2022'', ''DD/MM/YYYY'' ) )';
  EXECUTE IMMEDIATE 'INSERT INTO A2_Reservation VALUES ( ''HH00040188'', ''116'', TO_DATE( ''12/08/2022'', ''DD/MM/YYYY'' ) )';
  EXECUTE IMMEDIATE 'INSERT INTO A2_Reservation VALUES ( ''HH00040188'', ''116'', TO_DATE( ''13/08/2022'', ''DD/MM/YYYY'' ) )';
  EXECUTE IMMEDIATE 'INSERT INTO A2_Reservation VALUES ( ''HH00040188'', ''212'', TO_DATE( ''11/08/2022'', ''DD/MM/YYYY'' ) )';
  EXECUTE IMMEDIATE 'INSERT INTO A2_Reservation VALUES ( ''HH00040188'', ''212'', TO_DATE( ''12/08/2022'', ''DD/MM/YYYY'' ) )';
  EXECUTE IMMEDIATE 'INSERT INTO A2_Reservation VALUES ( ''HH00040188'', ''212'', TO_DATE( ''13/08/2022'', ''DD/MM/YYYY'' ) )';
  EXECUTE IMMEDIATE 'INSERT INTO A2_Reservation VALUES ( ''HH00040189'', ''218'', TO_DATE( ''27/07/2022'', ''DD/MM/YYYY'' ) )';
  EXECUTE IMMEDIATE 'INSERT INTO A2_Reservation VALUES ( ''HH00040189'', ''218'', TO_DATE( ''28/07/2022'', ''DD/MM/YYYY'' ) )';
  EXECUTE IMMEDIATE 'INSERT INTO A2_Reservation VALUES ( ''HH00040190'', ''102'', TO_DATE( ''05/08/2022'', ''DD/MM/YYYY'' ) )';
  EXECUTE IMMEDIATE 'INSERT INTO A2_Reservation VALUES ( ''HH00040190'', ''103'', TO_DATE( ''05/08/2022'', ''DD/MM/YYYY'' ) )';
  EXECUTE IMMEDIATE 'INSERT INTO A2_Reservation VALUES ( ''HH00040190'', ''105'', TO_DATE( ''05/08/2022'', ''DD/MM/YYYY'' ) )';
  EXECUTE IMMEDIATE 'INSERT INTO A2_Reservation VALUES ( ''HH00040190'', ''106'', TO_DATE( ''05/08/2022'', ''DD/MM/YYYY'' ) )';
  EXECUTE IMMEDIATE 'INSERT INTO A2_Reservation VALUES ( ''HH00040190'', ''111'', TO_DATE( ''05/08/2022'', ''DD/MM/YYYY'' ) )';
  EXECUTE IMMEDIATE 'INSERT INTO A2_Reservation VALUES ( ''HH00040190'', ''113'', TO_DATE( ''05/08/2022'', ''DD/MM/YYYY'' ) )';
  EXECUTE IMMEDIATE 'INSERT INTO A2_Reservation VALUES ( ''HH00040190'', ''114'', TO_DATE( ''05/08/2022'', ''DD/MM/YYYY'' ) )';
  EXECUTE IMMEDIATE 'INSERT INTO A2_Reservation VALUES ( ''HH00040190'', ''118'', TO_DATE( ''05/08/2022'', ''DD/MM/YYYY'' ) )';
  EXECUTE IMMEDIATE 'INSERT INTO A2_Reservation VALUES ( ''HH00040190'', ''211'', TO_DATE( ''05/08/2022'', ''DD/MM/YYYY'' ) )';
  EXECUTE IMMEDIATE 'INSERT INTO A2_Reservation VALUES ( ''HH00040190'', ''212'', TO_DATE( ''05/08/2022'', ''DD/MM/YYYY'' ) )';
  DBMS_OUTPUT.PUT_LINE(' ... A2_Reservation');
  EXECUTE IMMEDIATE 'INSERT INTO A2_Price_List VALUES (''001'',''High'',''Mon'',120)';
  EXECUTE IMMEDIATE 'INSERT INTO A2_Price_List VALUES (''001'',''High'',''Tue'',120)';
  EXECUTE IMMEDIATE 'INSERT INTO A2_Price_List VALUES (''001'',''High'',''Wed'',120)';
  EXECUTE IMMEDIATE 'INSERT INTO A2_Price_List VALUES (''001'',''High'',''Thu'',120)';
  EXECUTE IMMEDIATE 'INSERT INTO A2_Price_List VALUES (''001'',''High'',''Fri'',150)';
  EXECUTE IMMEDIATE 'INSERT INTO A2_Price_List VALUES (''001'',''High'',''Sat'',150)';
  EXECUTE IMMEDIATE 'INSERT INTO A2_Price_List VALUES (''001'',''High'',''Sun'',120)';
  EXECUTE IMMEDIATE 'INSERT INTO A2_Price_List VALUES (''001'',''Mid'',''Mon'',100)';
  EXECUTE IMMEDIATE 'INSERT INTO A2_Price_List VALUES (''001'',''Mid'',''Tue'',90)';
  EXECUTE IMMEDIATE 'INSERT INTO A2_Price_List VALUES (''001'',''Mid'',''Wed'',90)';
  EXECUTE IMMEDIATE 'INSERT INTO A2_Price_List VALUES (''001'',''Mid'',''Thu'',100)';
  EXECUTE IMMEDIATE 'INSERT INTO A2_Price_List VALUES (''001'',''Mid'',''Fri'',110)';
  EXECUTE IMMEDIATE 'INSERT INTO A2_Price_List VALUES (''001'',''Mid'',''Sat'',120)';
  EXECUTE IMMEDIATE 'INSERT INTO A2_Price_List VALUES (''001'',''Mid'',''Sun'',100)';
  EXECUTE IMMEDIATE 'INSERT INTO A2_Price_List VALUES (''001'',''Low'',''Mon'',75.5)';
  EXECUTE IMMEDIATE 'INSERT INTO A2_Price_List VALUES (''001'',''Low'',''Tue'',69.5)';
  EXECUTE IMMEDIATE 'INSERT INTO A2_Price_List VALUES (''001'',''Low'',''Wed'',69.5)';
  EXECUTE IMMEDIATE 'INSERT INTO A2_Price_List VALUES (''001'',''Low'',''Thu'',80)';
  EXECUTE IMMEDIATE 'INSERT INTO A2_Price_List VALUES (''001'',''Low'',''Fri'',90)';
  EXECUTE IMMEDIATE 'INSERT INTO A2_Price_List VALUES (''001'',''Low'',''Sat'',90)';
  EXECUTE IMMEDIATE 'INSERT INTO A2_Price_List VALUES (''001'',''Low'',''Sun'',80)';
  EXECUTE IMMEDIATE 'INSERT INTO A2_Price_List VALUES (''002'',''High'',''Mon'',120)';
  EXECUTE IMMEDIATE 'INSERT INTO A2_Price_List VALUES (''002'',''High'',''Tue'',120)';
  EXECUTE IMMEDIATE 'INSERT INTO A2_Price_List VALUES (''002'',''High'',''Wed'',120)';
  EXECUTE IMMEDIATE 'INSERT INTO A2_Price_List VALUES (''002'',''High'',''Thu'',120)';
  EXECUTE IMMEDIATE 'INSERT INTO A2_Price_List VALUES (''002'',''High'',''Fri'',150)';
  EXECUTE IMMEDIATE 'INSERT INTO A2_Price_List VALUES (''002'',''High'',''Sat'',150)';
  EXECUTE IMMEDIATE 'INSERT INTO A2_Price_List VALUES (''002'',''High'',''Sun'',120)';
  EXECUTE IMMEDIATE 'INSERT INTO A2_Price_List VALUES (''002'',''Mid'',''Mon'',100)';
  EXECUTE IMMEDIATE 'INSERT INTO A2_Price_List VALUES (''002'',''Mid'',''Tue'',90)';
  EXECUTE IMMEDIATE 'INSERT INTO A2_Price_List VALUES (''002'',''Mid'',''Wed'',90)';
  EXECUTE IMMEDIATE 'INSERT INTO A2_Price_List VALUES (''002'',''Mid'',''Thu'',100)';
  EXECUTE IMMEDIATE 'INSERT INTO A2_Price_List VALUES (''002'',''Mid'',''Fri'',110)';
  EXECUTE IMMEDIATE 'INSERT INTO A2_Price_List VALUES (''002'',''Mid'',''Sat'',120)';
  EXECUTE IMMEDIATE 'INSERT INTO A2_Price_List VALUES (''002'',''Mid'',''Sun'',100)';
  EXECUTE IMMEDIATE 'INSERT INTO A2_Price_List VALUES (''002'',''Low'',''Mon'',75.5)';
  EXECUTE IMMEDIATE 'INSERT INTO A2_Price_List VALUES (''002'',''Low'',''Tue'',69.5)';
  EXECUTE IMMEDIATE 'INSERT INTO A2_Price_List VALUES (''002'',''Low'',''Wed'',69.5)';
  EXECUTE IMMEDIATE 'INSERT INTO A2_Price_List VALUES (''002'',''Low'',''Thu'',80)';
  EXECUTE IMMEDIATE 'INSERT INTO A2_Price_List VALUES (''002'',''Low'',''Fri'',90)';
  EXECUTE IMMEDIATE 'INSERT INTO A2_Price_List VALUES (''002'',''Low'',''Sat'',90)';
  EXECUTE IMMEDIATE 'INSERT INTO A2_Price_List VALUES (''002'',''Low'',''Sun'',80)';
  EXECUTE IMMEDIATE 'INSERT INTO A2_Price_List VALUES (''003'',''High'',''Mon'',120)';
  EXECUTE IMMEDIATE 'INSERT INTO A2_Price_List VALUES (''003'',''High'',''Tue'',120)';
  EXECUTE IMMEDIATE 'INSERT INTO A2_Price_List VALUES (''003'',''High'',''Wed'',120)';
  EXECUTE IMMEDIATE 'INSERT INTO A2_Price_List VALUES (''003'',''High'',''Thu'',120)';
  EXECUTE IMMEDIATE 'INSERT INTO A2_Price_List VALUES (''003'',''High'',''Fri'',150)';
  EXECUTE IMMEDIATE 'INSERT INTO A2_Price_List VALUES (''003'',''High'',''Sat'',150)';
  EXECUTE IMMEDIATE 'INSERT INTO A2_Price_List VALUES (''003'',''High'',''Sun'',120)';
  EXECUTE IMMEDIATE 'INSERT INTO A2_Price_List VALUES (''003'',''Mid'',''Mon'',100)';
  EXECUTE IMMEDIATE 'INSERT INTO A2_Price_List VALUES (''003'',''Mid'',''Tue'',90)';
  EXECUTE IMMEDIATE 'INSERT INTO A2_Price_List VALUES (''003'',''Mid'',''Wed'',90)';
  EXECUTE IMMEDIATE 'INSERT INTO A2_Price_List VALUES (''003'',''Mid'',''Thu'',100)';
  EXECUTE IMMEDIATE 'INSERT INTO A2_Price_List VALUES (''003'',''Mid'',''Fri'',110)';
  EXECUTE IMMEDIATE 'INSERT INTO A2_Price_List VALUES (''003'',''Mid'',''Sat'',120)';
  EXECUTE IMMEDIATE 'INSERT INTO A2_Price_List VALUES (''003'',''Mid'',''Sun'',100)';
  EXECUTE IMMEDIATE 'INSERT INTO A2_Price_List VALUES (''003'',''Low'',''Mon'',75.5)';
  EXECUTE IMMEDIATE 'INSERT INTO A2_Price_List VALUES (''003'',''Low'',''Tue'',69.5)';
  EXECUTE IMMEDIATE 'INSERT INTO A2_Price_List VALUES (''003'',''Low'',''Wed'',69.5)';
  EXECUTE IMMEDIATE 'INSERT INTO A2_Price_List VALUES (''003'',''Low'',''Thu'',80)';
  EXECUTE IMMEDIATE 'INSERT INTO A2_Price_List VALUES (''003'',''Low'',''Fri'',90)';
  EXECUTE IMMEDIATE 'INSERT INTO A2_Price_List VALUES (''003'',''Low'',''Sat'',90)';
  EXECUTE IMMEDIATE 'INSERT INTO A2_Price_List VALUES (''003'',''Low'',''Sun'',80)';
  EXECUTE IMMEDIATE 'INSERT INTO A2_Price_List VALUES (''004'',''High'',''Mon'',120)';
  EXECUTE IMMEDIATE 'INSERT INTO A2_Price_List VALUES (''004'',''High'',''Tue'',120)';
  EXECUTE IMMEDIATE 'INSERT INTO A2_Price_List VALUES (''004'',''High'',''Wed'',120)';
  EXECUTE IMMEDIATE 'INSERT INTO A2_Price_List VALUES (''004'',''High'',''Thu'',120)';
  EXECUTE IMMEDIATE 'INSERT INTO A2_Price_List VALUES (''004'',''High'',''Fri'',150)';
  EXECUTE IMMEDIATE 'INSERT INTO A2_Price_List VALUES (''004'',''High'',''Sat'',150)';
  EXECUTE IMMEDIATE 'INSERT INTO A2_Price_List VALUES (''004'',''High'',''Sun'',120)';
  EXECUTE IMMEDIATE 'INSERT INTO A2_Price_List VALUES (''004'',''Mid'',''Mon'',100)';
  EXECUTE IMMEDIATE 'INSERT INTO A2_Price_List VALUES (''004'',''Mid'',''Tue'',90)';
  EXECUTE IMMEDIATE 'INSERT INTO A2_Price_List VALUES (''004'',''Mid'',''Wed'',90)';
  EXECUTE IMMEDIATE 'INSERT INTO A2_Price_List VALUES (''004'',''Mid'',''Thu'',100)';
  EXECUTE IMMEDIATE 'INSERT INTO A2_Price_List VALUES (''004'',''Mid'',''Fri'',110)';
  EXECUTE IMMEDIATE 'INSERT INTO A2_Price_List VALUES (''004'',''Mid'',''Sat'',120)';
  EXECUTE IMMEDIATE 'INSERT INTO A2_Price_List VALUES (''004'',''Mid'',''Sun'',100)';
  EXECUTE IMMEDIATE 'INSERT INTO A2_Price_List VALUES (''004'',''Low'',''Mon'',75.5)';
  EXECUTE IMMEDIATE 'INSERT INTO A2_Price_List VALUES (''004'',''Low'',''Tue'',69.5)';
  EXECUTE IMMEDIATE 'INSERT INTO A2_Price_List VALUES (''004'',''Low'',''Wed'',69.5)';
  EXECUTE IMMEDIATE 'INSERT INTO A2_Price_List VALUES (''004'',''Low'',''Thu'',80)';
  EXECUTE IMMEDIATE 'INSERT INTO A2_Price_List VALUES (''004'',''Low'',''Fri'',90)';
  EXECUTE IMMEDIATE 'INSERT INTO A2_Price_List VALUES (''004'',''Low'',''Sat'',90)';
  EXECUTE IMMEDIATE 'INSERT INTO A2_Price_List VALUES (''004'',''Low'',''Sun'',80)';
  EXECUTE IMMEDIATE 'INSERT INTO A2_Price_List VALUES (''005'',''High'',''Mon'',120)';
  EXECUTE IMMEDIATE 'INSERT INTO A2_Price_List VALUES (''005'',''High'',''Tue'',120)';
  EXECUTE IMMEDIATE 'INSERT INTO A2_Price_List VALUES (''005'',''High'',''Wed'',120)';
  EXECUTE IMMEDIATE 'INSERT INTO A2_Price_List VALUES (''005'',''High'',''Thu'',120)';
  EXECUTE IMMEDIATE 'INSERT INTO A2_Price_List VALUES (''005'',''High'',''Fri'',150)';
  EXECUTE IMMEDIATE 'INSERT INTO A2_Price_List VALUES (''005'',''High'',''Sat'',150)';
  EXECUTE IMMEDIATE 'INSERT INTO A2_Price_List VALUES (''005'',''High'',''Sun'',120)';
  EXECUTE IMMEDIATE 'INSERT INTO A2_Price_List VALUES (''005'',''Mid'',''Mon'',100)';
  EXECUTE IMMEDIATE 'INSERT INTO A2_Price_List VALUES (''005'',''Mid'',''Tue'',90)';
  EXECUTE IMMEDIATE 'INSERT INTO A2_Price_List VALUES (''005'',''Mid'',''Wed'',90)';
  EXECUTE IMMEDIATE 'INSERT INTO A2_Price_List VALUES (''005'',''Mid'',''Thu'',100)';
  EXECUTE IMMEDIATE 'INSERT INTO A2_Price_List VALUES (''005'',''Mid'',''Fri'',110)';
  EXECUTE IMMEDIATE 'INSERT INTO A2_Price_List VALUES (''005'',''Mid'',''Sat'',120)';
  EXECUTE IMMEDIATE 'INSERT INTO A2_Price_List VALUES (''005'',''Mid'',''Sun'',100)';
  EXECUTE IMMEDIATE 'INSERT INTO A2_Price_List VALUES (''005'',''Low'',''Mon'',75.5)';
  EXECUTE IMMEDIATE 'INSERT INTO A2_Price_List VALUES (''005'',''Low'',''Tue'',69.5)';
  EXECUTE IMMEDIATE 'INSERT INTO A2_Price_List VALUES (''005'',''Low'',''Wed'',69.5)';
  EXECUTE IMMEDIATE 'INSERT INTO A2_Price_List VALUES (''005'',''Low'',''Thu'',80)';
  EXECUTE IMMEDIATE 'INSERT INTO A2_Price_List VALUES (''005'',''Low'',''Fri'',90)';
  EXECUTE IMMEDIATE 'INSERT INTO A2_Price_List VALUES (''005'',''Low'',''Sat'',90)';
  EXECUTE IMMEDIATE 'INSERT INTO A2_Price_List VALUES (''005'',''Low'',''Sun'',80)';
  EXECUTE IMMEDIATE 'INSERT INTO A2_Price_List VALUES (''101'',''High'',''Mon'',120)';
  EXECUTE IMMEDIATE 'INSERT INTO A2_Price_List VALUES (''101'',''High'',''Tue'',120)';
  EXECUTE IMMEDIATE 'INSERT INTO A2_Price_List VALUES (''101'',''High'',''Wed'',120)';
  EXECUTE IMMEDIATE 'INSERT INTO A2_Price_List VALUES (''101'',''High'',''Thu'',120)';
  EXECUTE IMMEDIATE 'INSERT INTO A2_Price_List VALUES (''101'',''High'',''Fri'',150)';
  EXECUTE IMMEDIATE 'INSERT INTO A2_Price_List VALUES (''101'',''High'',''Sat'',150)';
  EXECUTE IMMEDIATE 'INSERT INTO A2_Price_List VALUES (''101'',''High'',''Sun'',120)';
  EXECUTE IMMEDIATE 'INSERT INTO A2_Price_List VALUES (''101'',''Mid'',''Mon'',100)';
  EXECUTE IMMEDIATE 'INSERT INTO A2_Price_List VALUES (''101'',''Mid'',''Tue'',90)';
  EXECUTE IMMEDIATE 'INSERT INTO A2_Price_List VALUES (''101'',''Mid'',''Wed'',90)';
  EXECUTE IMMEDIATE 'INSERT INTO A2_Price_List VALUES (''101'',''Mid'',''Thu'',100)';
  EXECUTE IMMEDIATE 'INSERT INTO A2_Price_List VALUES (''101'',''Mid'',''Fri'',110)';
  EXECUTE IMMEDIATE 'INSERT INTO A2_Price_List VALUES (''101'',''Mid'',''Sat'',120)';
  EXECUTE IMMEDIATE 'INSERT INTO A2_Price_List VALUES (''101'',''Mid'',''Sun'',100)';
  EXECUTE IMMEDIATE 'INSERT INTO A2_Price_List VALUES (''101'',''Low'',''Mon'',75.5)';
  EXECUTE IMMEDIATE 'INSERT INTO A2_Price_List VALUES (''101'',''Low'',''Tue'',69.5)';
  EXECUTE IMMEDIATE 'INSERT INTO A2_Price_List VALUES (''101'',''Low'',''Wed'',69.5)';
  EXECUTE IMMEDIATE 'INSERT INTO A2_Price_List VALUES (''101'',''Low'',''Thu'',80)';
  EXECUTE IMMEDIATE 'INSERT INTO A2_Price_List VALUES (''101'',''Low'',''Fri'',90)';
  EXECUTE IMMEDIATE 'INSERT INTO A2_Price_List VALUES (''101'',''Low'',''Sat'',90)';
  EXECUTE IMMEDIATE 'INSERT INTO A2_Price_List VALUES (''101'',''Low'',''Sun'',80)';
  EXECUTE IMMEDIATE 'INSERT INTO A2_Price_List VALUES (''102'',''High'',''Mon'',120)';
  EXECUTE IMMEDIATE 'INSERT INTO A2_Price_List VALUES (''102'',''High'',''Tue'',120)';
  EXECUTE IMMEDIATE 'INSERT INTO A2_Price_List VALUES (''102'',''High'',''Wed'',120)';
  EXECUTE IMMEDIATE 'INSERT INTO A2_Price_List VALUES (''102'',''High'',''Thu'',120)';
  EXECUTE IMMEDIATE 'INSERT INTO A2_Price_List VALUES (''102'',''High'',''Fri'',150)';
  EXECUTE IMMEDIATE 'INSERT INTO A2_Price_List VALUES (''102'',''High'',''Sat'',150)';
  EXECUTE IMMEDIATE 'INSERT INTO A2_Price_List VALUES (''102'',''High'',''Sun'',120)';
  EXECUTE IMMEDIATE 'INSERT INTO A2_Price_List VALUES (''102'',''Mid'',''Mon'',100)';
  EXECUTE IMMEDIATE 'INSERT INTO A2_Price_List VALUES (''102'',''Mid'',''Tue'',90)';
  EXECUTE IMMEDIATE 'INSERT INTO A2_Price_List VALUES (''102'',''Mid'',''Wed'',90)';
  EXECUTE IMMEDIATE 'INSERT INTO A2_Price_List VALUES (''102'',''Mid'',''Thu'',100)';
  EXECUTE IMMEDIATE 'INSERT INTO A2_Price_List VALUES (''102'',''Mid'',''Fri'',110)';
  EXECUTE IMMEDIATE 'INSERT INTO A2_Price_List VALUES (''102'',''Mid'',''Sat'',120)';
  EXECUTE IMMEDIATE 'INSERT INTO A2_Price_List VALUES (''102'',''Mid'',''Sun'',100)';
  EXECUTE IMMEDIATE 'INSERT INTO A2_Price_List VALUES (''102'',''Low'',''Mon'',75.5)';
  EXECUTE IMMEDIATE 'INSERT INTO A2_Price_List VALUES (''102'',''Low'',''Tue'',69.5)';
  EXECUTE IMMEDIATE 'INSERT INTO A2_Price_List VALUES (''102'',''Low'',''Wed'',69.5)';
  EXECUTE IMMEDIATE 'INSERT INTO A2_Price_List VALUES (''102'',''Low'',''Thu'',80)';
  EXECUTE IMMEDIATE 'INSERT INTO A2_Price_List VALUES (''102'',''Low'',''Fri'',90)';
  EXECUTE IMMEDIATE 'INSERT INTO A2_Price_List VALUES (''102'',''Low'',''Sat'',90)';
  EXECUTE IMMEDIATE 'INSERT INTO A2_Price_List VALUES (''102'',''Low'',''Sun'',80)';
  EXECUTE IMMEDIATE 'INSERT INTO A2_Price_List VALUES (''103'',''High'',''Mon'',120)';
  EXECUTE IMMEDIATE 'INSERT INTO A2_Price_List VALUES (''103'',''High'',''Tue'',120)';
  EXECUTE IMMEDIATE 'INSERT INTO A2_Price_List VALUES (''103'',''High'',''Wed'',120)';
  EXECUTE IMMEDIATE 'INSERT INTO A2_Price_List VALUES (''103'',''High'',''Thu'',120)';
  EXECUTE IMMEDIATE 'INSERT INTO A2_Price_List VALUES (''103'',''High'',''Fri'',150)';
  EXECUTE IMMEDIATE 'INSERT INTO A2_Price_List VALUES (''103'',''High'',''Sat'',150)';
  EXECUTE IMMEDIATE 'INSERT INTO A2_Price_List VALUES (''103'',''High'',''Sun'',120)';
  EXECUTE IMMEDIATE 'INSERT INTO A2_Price_List VALUES (''103'',''Mid'',''Mon'',100)';
  EXECUTE IMMEDIATE 'INSERT INTO A2_Price_List VALUES (''103'',''Mid'',''Tue'',90)';
  EXECUTE IMMEDIATE 'INSERT INTO A2_Price_List VALUES (''103'',''Mid'',''Wed'',90)';
  EXECUTE IMMEDIATE 'INSERT INTO A2_Price_List VALUES (''103'',''Mid'',''Thu'',100)';
  EXECUTE IMMEDIATE 'INSERT INTO A2_Price_List VALUES (''103'',''Mid'',''Fri'',110)';
  EXECUTE IMMEDIATE 'INSERT INTO A2_Price_List VALUES (''103'',''Mid'',''Sat'',120)';
  EXECUTE IMMEDIATE 'INSERT INTO A2_Price_List VALUES (''103'',''Mid'',''Sun'',100)';
  EXECUTE IMMEDIATE 'INSERT INTO A2_Price_List VALUES (''103'',''Low'',''Mon'',75.5)';
  EXECUTE IMMEDIATE 'INSERT INTO A2_Price_List VALUES (''103'',''Low'',''Tue'',69.5)';
  EXECUTE IMMEDIATE 'INSERT INTO A2_Price_List VALUES (''103'',''Low'',''Wed'',69.5)';
  EXECUTE IMMEDIATE 'INSERT INTO A2_Price_List VALUES (''103'',''Low'',''Thu'',80)';
  EXECUTE IMMEDIATE 'INSERT INTO A2_Price_List VALUES (''103'',''Low'',''Fri'',90)';
  EXECUTE IMMEDIATE 'INSERT INTO A2_Price_List VALUES (''103'',''Low'',''Sat'',90)';
  EXECUTE IMMEDIATE 'INSERT INTO A2_Price_List VALUES (''103'',''Low'',''Sun'',80)';
  EXECUTE IMMEDIATE 'INSERT INTO A2_Price_List VALUES (''104'',''High'',''Mon'',120)';
  EXECUTE IMMEDIATE 'INSERT INTO A2_Price_List VALUES (''104'',''High'',''Tue'',120)';
  EXECUTE IMMEDIATE 'INSERT INTO A2_Price_List VALUES (''104'',''High'',''Wed'',120)';
  EXECUTE IMMEDIATE 'INSERT INTO A2_Price_List VALUES (''104'',''High'',''Thu'',120)';
  EXECUTE IMMEDIATE 'INSERT INTO A2_Price_List VALUES (''104'',''High'',''Fri'',150)';
  EXECUTE IMMEDIATE 'INSERT INTO A2_Price_List VALUES (''104'',''High'',''Sat'',150)';
  EXECUTE IMMEDIATE 'INSERT INTO A2_Price_List VALUES (''104'',''High'',''Sun'',120)';
  EXECUTE IMMEDIATE 'INSERT INTO A2_Price_List VALUES (''104'',''Mid'',''Mon'',100)';
  EXECUTE IMMEDIATE 'INSERT INTO A2_Price_List VALUES (''104'',''Mid'',''Tue'',90)';
  EXECUTE IMMEDIATE 'INSERT INTO A2_Price_List VALUES (''104'',''Mid'',''Wed'',90)';
  EXECUTE IMMEDIATE 'INSERT INTO A2_Price_List VALUES (''104'',''Mid'',''Thu'',100)';
  EXECUTE IMMEDIATE 'INSERT INTO A2_Price_List VALUES (''104'',''Mid'',''Fri'',110)';
  EXECUTE IMMEDIATE 'INSERT INTO A2_Price_List VALUES (''104'',''Mid'',''Sat'',120)';
  EXECUTE IMMEDIATE 'INSERT INTO A2_Price_List VALUES (''104'',''Mid'',''Sun'',100)';
  EXECUTE IMMEDIATE 'INSERT INTO A2_Price_List VALUES (''104'',''Low'',''Mon'',75.5)';
  EXECUTE IMMEDIATE 'INSERT INTO A2_Price_List VALUES (''104'',''Low'',''Tue'',69.5)';
  EXECUTE IMMEDIATE 'INSERT INTO A2_Price_List VALUES (''104'',''Low'',''Wed'',69.5)';
  EXECUTE IMMEDIATE 'INSERT INTO A2_Price_List VALUES (''104'',''Low'',''Thu'',80)';
  EXECUTE IMMEDIATE 'INSERT INTO A2_Price_List VALUES (''104'',''Low'',''Fri'',90)';
  EXECUTE IMMEDIATE 'INSERT INTO A2_Price_List VALUES (''104'',''Low'',''Sat'',90)';
  EXECUTE IMMEDIATE 'INSERT INTO A2_Price_List VALUES (''104'',''Low'',''Sun'',80)';
  EXECUTE IMMEDIATE 'INSERT INTO A2_Price_List VALUES (''105'',''High'',''Mon'',120)';
  EXECUTE IMMEDIATE 'INSERT INTO A2_Price_List VALUES (''105'',''High'',''Tue'',120)';
  EXECUTE IMMEDIATE 'INSERT INTO A2_Price_List VALUES (''105'',''High'',''Wed'',120)';
  EXECUTE IMMEDIATE 'INSERT INTO A2_Price_List VALUES (''105'',''High'',''Thu'',120)';
  EXECUTE IMMEDIATE 'INSERT INTO A2_Price_List VALUES (''105'',''High'',''Fri'',150)';
  EXECUTE IMMEDIATE 'INSERT INTO A2_Price_List VALUES (''105'',''High'',''Sat'',150)';
  EXECUTE IMMEDIATE 'INSERT INTO A2_Price_List VALUES (''105'',''High'',''Sun'',120)';
  EXECUTE IMMEDIATE 'INSERT INTO A2_Price_List VALUES (''105'',''Mid'',''Mon'',100)';
  EXECUTE IMMEDIATE 'INSERT INTO A2_Price_List VALUES (''105'',''Mid'',''Tue'',90)';
  EXECUTE IMMEDIATE 'INSERT INTO A2_Price_List VALUES (''105'',''Mid'',''Wed'',90)';
  EXECUTE IMMEDIATE 'INSERT INTO A2_Price_List VALUES (''105'',''Mid'',''Thu'',100)';
  EXECUTE IMMEDIATE 'INSERT INTO A2_Price_List VALUES (''105'',''Mid'',''Fri'',110)';
  EXECUTE IMMEDIATE 'INSERT INTO A2_Price_List VALUES (''105'',''Mid'',''Sat'',120)';
  EXECUTE IMMEDIATE 'INSERT INTO A2_Price_List VALUES (''105'',''Mid'',''Sun'',100)';
  EXECUTE IMMEDIATE 'INSERT INTO A2_Price_List VALUES (''105'',''Low'',''Mon'',75.5)';
  EXECUTE IMMEDIATE 'INSERT INTO A2_Price_List VALUES (''105'',''Low'',''Tue'',69.5)';
  EXECUTE IMMEDIATE 'INSERT INTO A2_Price_List VALUES (''105'',''Low'',''Wed'',69.5)';
  EXECUTE IMMEDIATE 'INSERT INTO A2_Price_List VALUES (''105'',''Low'',''Thu'',80)';
  EXECUTE IMMEDIATE 'INSERT INTO A2_Price_List VALUES (''105'',''Low'',''Fri'',90)';
  EXECUTE IMMEDIATE 'INSERT INTO A2_Price_List VALUES (''105'',''Low'',''Sat'',90)';
  EXECUTE IMMEDIATE 'INSERT INTO A2_Price_List VALUES (''105'',''Low'',''Sun'',80)';
  EXECUTE IMMEDIATE 'INSERT INTO A2_Price_List VALUES (''106'',''High'',''Mon'',120)';
  EXECUTE IMMEDIATE 'INSERT INTO A2_Price_List VALUES (''106'',''High'',''Tue'',120)';
  EXECUTE IMMEDIATE 'INSERT INTO A2_Price_List VALUES (''106'',''High'',''Wed'',120)';
  EXECUTE IMMEDIATE 'INSERT INTO A2_Price_List VALUES (''106'',''High'',''Thu'',120)';
  EXECUTE IMMEDIATE 'INSERT INTO A2_Price_List VALUES (''106'',''High'',''Fri'',150)';
  EXECUTE IMMEDIATE 'INSERT INTO A2_Price_List VALUES (''106'',''High'',''Sat'',150)';
  EXECUTE IMMEDIATE 'INSERT INTO A2_Price_List VALUES (''106'',''High'',''Sun'',120)';
  EXECUTE IMMEDIATE 'INSERT INTO A2_Price_List VALUES (''106'',''Mid'',''Mon'',100)';
  EXECUTE IMMEDIATE 'INSERT INTO A2_Price_List VALUES (''106'',''Mid'',''Tue'',90)';
  EXECUTE IMMEDIATE 'INSERT INTO A2_Price_List VALUES (''106'',''Mid'',''Wed'',90)';
  EXECUTE IMMEDIATE 'INSERT INTO A2_Price_List VALUES (''106'',''Mid'',''Thu'',100)';
  EXECUTE IMMEDIATE 'INSERT INTO A2_Price_List VALUES (''106'',''Mid'',''Fri'',110)';
  EXECUTE IMMEDIATE 'INSERT INTO A2_Price_List VALUES (''106'',''Mid'',''Sat'',120)';
  EXECUTE IMMEDIATE 'INSERT INTO A2_Price_List VALUES (''106'',''Mid'',''Sun'',100)';
  EXECUTE IMMEDIATE 'INSERT INTO A2_Price_List VALUES (''106'',''Low'',''Mon'',75.5)';
  EXECUTE IMMEDIATE 'INSERT INTO A2_Price_List VALUES (''106'',''Low'',''Tue'',69.5)';
  EXECUTE IMMEDIATE 'INSERT INTO A2_Price_List VALUES (''106'',''Low'',''Wed'',69.5)';
  EXECUTE IMMEDIATE 'INSERT INTO A2_Price_List VALUES (''106'',''Low'',''Thu'',80)';
  EXECUTE IMMEDIATE 'INSERT INTO A2_Price_List VALUES (''106'',''Low'',''Fri'',90)';
  EXECUTE IMMEDIATE 'INSERT INTO A2_Price_List VALUES (''106'',''Low'',''Sat'',90)';
  EXECUTE IMMEDIATE 'INSERT INTO A2_Price_List VALUES (''106'',''Low'',''Sun'',80)';
  EXECUTE IMMEDIATE 'INSERT INTO A2_Price_List VALUES (''107'',''High'',''Mon'',120)';
  EXECUTE IMMEDIATE 'INSERT INTO A2_Price_List VALUES (''107'',''High'',''Tue'',120)';
  EXECUTE IMMEDIATE 'INSERT INTO A2_Price_List VALUES (''107'',''High'',''Wed'',120)';
  EXECUTE IMMEDIATE 'INSERT INTO A2_Price_List VALUES (''107'',''High'',''Thu'',120)';
  EXECUTE IMMEDIATE 'INSERT INTO A2_Price_List VALUES (''107'',''High'',''Fri'',150)';
  EXECUTE IMMEDIATE 'INSERT INTO A2_Price_List VALUES (''107'',''High'',''Sat'',150)';
  EXECUTE IMMEDIATE 'INSERT INTO A2_Price_List VALUES (''107'',''High'',''Sun'',120)';
  EXECUTE IMMEDIATE 'INSERT INTO A2_Price_List VALUES (''107'',''Mid'',''Mon'',100)';
  EXECUTE IMMEDIATE 'INSERT INTO A2_Price_List VALUES (''107'',''Mid'',''Tue'',90)';
  EXECUTE IMMEDIATE 'INSERT INTO A2_Price_List VALUES (''107'',''Mid'',''Wed'',90)';
  EXECUTE IMMEDIATE 'INSERT INTO A2_Price_List VALUES (''107'',''Mid'',''Thu'',100)';
  EXECUTE IMMEDIATE 'INSERT INTO A2_Price_List VALUES (''107'',''Mid'',''Fri'',110)';
  EXECUTE IMMEDIATE 'INSERT INTO A2_Price_List VALUES (''107'',''Mid'',''Sat'',120)';
  EXECUTE IMMEDIATE 'INSERT INTO A2_Price_List VALUES (''107'',''Mid'',''Sun'',100)';
  EXECUTE IMMEDIATE 'INSERT INTO A2_Price_List VALUES (''107'',''Low'',''Mon'',75.5)';
  EXECUTE IMMEDIATE 'INSERT INTO A2_Price_List VALUES (''107'',''Low'',''Tue'',69.5)';
  EXECUTE IMMEDIATE 'INSERT INTO A2_Price_List VALUES (''107'',''Low'',''Wed'',69.5)';
  EXECUTE IMMEDIATE 'INSERT INTO A2_Price_List VALUES (''107'',''Low'',''Thu'',80)';
  EXECUTE IMMEDIATE 'INSERT INTO A2_Price_List VALUES (''107'',''Low'',''Fri'',90)';
  EXECUTE IMMEDIATE 'INSERT INTO A2_Price_List VALUES (''107'',''Low'',''Sat'',90)';
  EXECUTE IMMEDIATE 'INSERT INTO A2_Price_List VALUES (''107'',''Low'',''Sun'',80)';
  EXECUTE IMMEDIATE 'INSERT INTO A2_Price_List VALUES (''108'',''High'',''Mon'',120)';
  EXECUTE IMMEDIATE 'INSERT INTO A2_Price_List VALUES (''108'',''High'',''Tue'',120)';
  EXECUTE IMMEDIATE 'INSERT INTO A2_Price_List VALUES (''108'',''High'',''Wed'',120)';
  EXECUTE IMMEDIATE 'INSERT INTO A2_Price_List VALUES (''108'',''High'',''Thu'',120)';
  EXECUTE IMMEDIATE 'INSERT INTO A2_Price_List VALUES (''108'',''High'',''Fri'',150)';
  EXECUTE IMMEDIATE 'INSERT INTO A2_Price_List VALUES (''108'',''High'',''Sat'',150)';
  EXECUTE IMMEDIATE 'INSERT INTO A2_Price_List VALUES (''108'',''High'',''Sun'',120)';
  EXECUTE IMMEDIATE 'INSERT INTO A2_Price_List VALUES (''108'',''Mid'',''Mon'',100)';
  EXECUTE IMMEDIATE 'INSERT INTO A2_Price_List VALUES (''108'',''Mid'',''Tue'',90)';
  EXECUTE IMMEDIATE 'INSERT INTO A2_Price_List VALUES (''108'',''Mid'',''Wed'',90)';
  EXECUTE IMMEDIATE 'INSERT INTO A2_Price_List VALUES (''108'',''Mid'',''Thu'',100)';
  EXECUTE IMMEDIATE 'INSERT INTO A2_Price_List VALUES (''108'',''Mid'',''Fri'',110)';
  EXECUTE IMMEDIATE 'INSERT INTO A2_Price_List VALUES (''108'',''Mid'',''Sat'',120)';
  EXECUTE IMMEDIATE 'INSERT INTO A2_Price_List VALUES (''108'',''Mid'',''Sun'',100)';
  EXECUTE IMMEDIATE 'INSERT INTO A2_Price_List VALUES (''108'',''Low'',''Mon'',75.5)';
  EXECUTE IMMEDIATE 'INSERT INTO A2_Price_List VALUES (''108'',''Low'',''Tue'',69.5)';
  EXECUTE IMMEDIATE 'INSERT INTO A2_Price_List VALUES (''108'',''Low'',''Wed'',69.5)';
  EXECUTE IMMEDIATE 'INSERT INTO A2_Price_List VALUES (''108'',''Low'',''Thu'',80)';
  EXECUTE IMMEDIATE 'INSERT INTO A2_Price_List VALUES (''108'',''Low'',''Fri'',90)';
  EXECUTE IMMEDIATE 'INSERT INTO A2_Price_List VALUES (''108'',''Low'',''Sat'',90)';
  EXECUTE IMMEDIATE 'INSERT INTO A2_Price_List VALUES (''108'',''Low'',''Sun'',80)';
  EXECUTE IMMEDIATE 'INSERT INTO A2_Price_List VALUES (''109'',''High'',''Mon'',120)';
  EXECUTE IMMEDIATE 'INSERT INTO A2_Price_List VALUES (''109'',''High'',''Tue'',120)';
  EXECUTE IMMEDIATE 'INSERT INTO A2_Price_List VALUES (''109'',''High'',''Wed'',120)';
  EXECUTE IMMEDIATE 'INSERT INTO A2_Price_List VALUES (''109'',''High'',''Thu'',120)';
  EXECUTE IMMEDIATE 'INSERT INTO A2_Price_List VALUES (''109'',''High'',''Fri'',150)';
  EXECUTE IMMEDIATE 'INSERT INTO A2_Price_List VALUES (''109'',''High'',''Sat'',150)';
  EXECUTE IMMEDIATE 'INSERT INTO A2_Price_List VALUES (''109'',''High'',''Sun'',120)';
  EXECUTE IMMEDIATE 'INSERT INTO A2_Price_List VALUES (''109'',''Mid'',''Mon'',100)';
  EXECUTE IMMEDIATE 'INSERT INTO A2_Price_List VALUES (''109'',''Mid'',''Tue'',90)';
  EXECUTE IMMEDIATE 'INSERT INTO A2_Price_List VALUES (''109'',''Mid'',''Wed'',90)';
  EXECUTE IMMEDIATE 'INSERT INTO A2_Price_List VALUES (''109'',''Mid'',''Thu'',100)';
  EXECUTE IMMEDIATE 'INSERT INTO A2_Price_List VALUES (''109'',''Mid'',''Fri'',110)';
  EXECUTE IMMEDIATE 'INSERT INTO A2_Price_List VALUES (''109'',''Mid'',''Sat'',120)';
  EXECUTE IMMEDIATE 'INSERT INTO A2_Price_List VALUES (''109'',''Mid'',''Sun'',100)';
  EXECUTE IMMEDIATE 'INSERT INTO A2_Price_List VALUES (''109'',''Low'',''Mon'',75.5)';
  EXECUTE IMMEDIATE 'INSERT INTO A2_Price_List VALUES (''109'',''Low'',''Tue'',69.5)';
  EXECUTE IMMEDIATE 'INSERT INTO A2_Price_List VALUES (''109'',''Low'',''Wed'',69.5)';
  EXECUTE IMMEDIATE 'INSERT INTO A2_Price_List VALUES (''109'',''Low'',''Thu'',80)';
  EXECUTE IMMEDIATE 'INSERT INTO A2_Price_List VALUES (''109'',''Low'',''Fri'',90)';
  EXECUTE IMMEDIATE 'INSERT INTO A2_Price_List VALUES (''109'',''Low'',''Sat'',90)';
  EXECUTE IMMEDIATE 'INSERT INTO A2_Price_List VALUES (''109'',''Low'',''Sun'',80)';
  EXECUTE IMMEDIATE 'INSERT INTO A2_Price_List VALUES (''110'',''High'',''Mon'',120)';
  EXECUTE IMMEDIATE 'INSERT INTO A2_Price_List VALUES (''110'',''High'',''Tue'',120)';
  EXECUTE IMMEDIATE 'INSERT INTO A2_Price_List VALUES (''110'',''High'',''Wed'',120)';
  EXECUTE IMMEDIATE 'INSERT INTO A2_Price_List VALUES (''110'',''High'',''Thu'',120)';
  EXECUTE IMMEDIATE 'INSERT INTO A2_Price_List VALUES (''110'',''High'',''Fri'',150)';
  EXECUTE IMMEDIATE 'INSERT INTO A2_Price_List VALUES (''110'',''High'',''Sat'',150)';
  EXECUTE IMMEDIATE 'INSERT INTO A2_Price_List VALUES (''110'',''High'',''Sun'',120)';
  EXECUTE IMMEDIATE 'INSERT INTO A2_Price_List VALUES (''110'',''Mid'',''Mon'',100)';
  EXECUTE IMMEDIATE 'INSERT INTO A2_Price_List VALUES (''110'',''Mid'',''Tue'',90)';
  EXECUTE IMMEDIATE 'INSERT INTO A2_Price_List VALUES (''110'',''Mid'',''Wed'',90)';
  EXECUTE IMMEDIATE 'INSERT INTO A2_Price_List VALUES (''110'',''Mid'',''Thu'',100)';
  EXECUTE IMMEDIATE 'INSERT INTO A2_Price_List VALUES (''110'',''Mid'',''Fri'',110)';
  EXECUTE IMMEDIATE 'INSERT INTO A2_Price_List VALUES (''110'',''Mid'',''Sat'',120)';
  EXECUTE IMMEDIATE 'INSERT INTO A2_Price_List VALUES (''110'',''Mid'',''Sun'',100)';
  EXECUTE IMMEDIATE 'INSERT INTO A2_Price_List VALUES (''110'',''Low'',''Mon'',75.5)';
  EXECUTE IMMEDIATE 'INSERT INTO A2_Price_List VALUES (''110'',''Low'',''Tue'',69.5)';
  EXECUTE IMMEDIATE 'INSERT INTO A2_Price_List VALUES (''110'',''Low'',''Wed'',69.5)';
  EXECUTE IMMEDIATE 'INSERT INTO A2_Price_List VALUES (''110'',''Low'',''Thu'',80)';
  EXECUTE IMMEDIATE 'INSERT INTO A2_Price_List VALUES (''110'',''Low'',''Fri'',90)';
  EXECUTE IMMEDIATE 'INSERT INTO A2_Price_List VALUES (''110'',''Low'',''Sat'',90)';
  EXECUTE IMMEDIATE 'INSERT INTO A2_Price_List VALUES (''110'',''Low'',''Sun'',80)';
  EXECUTE IMMEDIATE 'INSERT INTO A2_Price_List VALUES (''111'',''High'',''Mon'',120)';
  EXECUTE IMMEDIATE 'INSERT INTO A2_Price_List VALUES (''111'',''High'',''Tue'',120)';
  EXECUTE IMMEDIATE 'INSERT INTO A2_Price_List VALUES (''111'',''High'',''Wed'',120)';
  EXECUTE IMMEDIATE 'INSERT INTO A2_Price_List VALUES (''111'',''High'',''Thu'',120)';
  EXECUTE IMMEDIATE 'INSERT INTO A2_Price_List VALUES (''111'',''High'',''Fri'',150)';
  EXECUTE IMMEDIATE 'INSERT INTO A2_Price_List VALUES (''111'',''High'',''Sat'',150)';
  EXECUTE IMMEDIATE 'INSERT INTO A2_Price_List VALUES (''111'',''High'',''Sun'',120)';
  EXECUTE IMMEDIATE 'INSERT INTO A2_Price_List VALUES (''111'',''Mid'',''Mon'',100)';
  EXECUTE IMMEDIATE 'INSERT INTO A2_Price_List VALUES (''111'',''Mid'',''Tue'',90)';
  EXECUTE IMMEDIATE 'INSERT INTO A2_Price_List VALUES (''111'',''Mid'',''Wed'',90)';
  EXECUTE IMMEDIATE 'INSERT INTO A2_Price_List VALUES (''111'',''Mid'',''Thu'',100)';
  EXECUTE IMMEDIATE 'INSERT INTO A2_Price_List VALUES (''111'',''Mid'',''Fri'',110)';
  EXECUTE IMMEDIATE 'INSERT INTO A2_Price_List VALUES (''111'',''Mid'',''Sat'',120)';
  EXECUTE IMMEDIATE 'INSERT INTO A2_Price_List VALUES (''111'',''Mid'',''Sun'',100)';
  EXECUTE IMMEDIATE 'INSERT INTO A2_Price_List VALUES (''111'',''Low'',''Mon'',75.5)';
  EXECUTE IMMEDIATE 'INSERT INTO A2_Price_List VALUES (''111'',''Low'',''Tue'',69.5)';
  EXECUTE IMMEDIATE 'INSERT INTO A2_Price_List VALUES (''111'',''Low'',''Wed'',69.5)';
  EXECUTE IMMEDIATE 'INSERT INTO A2_Price_List VALUES (''111'',''Low'',''Thu'',80)';
  EXECUTE IMMEDIATE 'INSERT INTO A2_Price_List VALUES (''111'',''Low'',''Fri'',90)';
  EXECUTE IMMEDIATE 'INSERT INTO A2_Price_List VALUES (''111'',''Low'',''Sat'',90)';
  EXECUTE IMMEDIATE 'INSERT INTO A2_Price_List VALUES (''111'',''Low'',''Sun'',80)';
  EXECUTE IMMEDIATE 'INSERT INTO A2_Price_List VALUES (''112'',''High'',''Mon'',120)';
  EXECUTE IMMEDIATE 'INSERT INTO A2_Price_List VALUES (''112'',''High'',''Tue'',120)';
  EXECUTE IMMEDIATE 'INSERT INTO A2_Price_List VALUES (''112'',''High'',''Wed'',120)';
  EXECUTE IMMEDIATE 'INSERT INTO A2_Price_List VALUES (''112'',''High'',''Thu'',120)';
  EXECUTE IMMEDIATE 'INSERT INTO A2_Price_List VALUES (''112'',''High'',''Fri'',150)';
  EXECUTE IMMEDIATE 'INSERT INTO A2_Price_List VALUES (''112'',''High'',''Sat'',150)';
  EXECUTE IMMEDIATE 'INSERT INTO A2_Price_List VALUES (''112'',''High'',''Sun'',120)';
  EXECUTE IMMEDIATE 'INSERT INTO A2_Price_List VALUES (''112'',''Mid'',''Mon'',100)';
  EXECUTE IMMEDIATE 'INSERT INTO A2_Price_List VALUES (''112'',''Mid'',''Tue'',90)';
  EXECUTE IMMEDIATE 'INSERT INTO A2_Price_List VALUES (''112'',''Mid'',''Wed'',90)';
  EXECUTE IMMEDIATE 'INSERT INTO A2_Price_List VALUES (''112'',''Mid'',''Thu'',100)';
  EXECUTE IMMEDIATE 'INSERT INTO A2_Price_List VALUES (''112'',''Mid'',''Fri'',112)';
  EXECUTE IMMEDIATE 'INSERT INTO A2_Price_List VALUES (''112'',''Mid'',''Sat'',120)';
  EXECUTE IMMEDIATE 'INSERT INTO A2_Price_List VALUES (''112'',''Mid'',''Sun'',100)';
  EXECUTE IMMEDIATE 'INSERT INTO A2_Price_List VALUES (''112'',''Low'',''Mon'',75.5)';
  EXECUTE IMMEDIATE 'INSERT INTO A2_Price_List VALUES (''112'',''Low'',''Tue'',69.5)';
  EXECUTE IMMEDIATE 'INSERT INTO A2_Price_List VALUES (''112'',''Low'',''Wed'',69.5)';
  EXECUTE IMMEDIATE 'INSERT INTO A2_Price_List VALUES (''112'',''Low'',''Thu'',80)';
  EXECUTE IMMEDIATE 'INSERT INTO A2_Price_List VALUES (''112'',''Low'',''Fri'',90)';
  EXECUTE IMMEDIATE 'INSERT INTO A2_Price_List VALUES (''112'',''Low'',''Sat'',90)';
  EXECUTE IMMEDIATE 'INSERT INTO A2_Price_List VALUES (''112'',''Low'',''Sun'',80)';
  EXECUTE IMMEDIATE 'INSERT INTO A2_Price_List VALUES (''113'',''High'',''Mon'',120)';
  EXECUTE IMMEDIATE 'INSERT INTO A2_Price_List VALUES (''113'',''High'',''Tue'',120)';
  EXECUTE IMMEDIATE 'INSERT INTO A2_Price_List VALUES (''113'',''High'',''Wed'',120)';
  EXECUTE IMMEDIATE 'INSERT INTO A2_Price_List VALUES (''113'',''High'',''Thu'',120)';
  EXECUTE IMMEDIATE 'INSERT INTO A2_Price_List VALUES (''113'',''High'',''Fri'',150)';
  EXECUTE IMMEDIATE 'INSERT INTO A2_Price_List VALUES (''113'',''High'',''Sat'',150)';
  EXECUTE IMMEDIATE 'INSERT INTO A2_Price_List VALUES (''113'',''High'',''Sun'',120)';
  EXECUTE IMMEDIATE 'INSERT INTO A2_Price_List VALUES (''113'',''Mid'',''Mon'',100)';
  EXECUTE IMMEDIATE 'INSERT INTO A2_Price_List VALUES (''113'',''Mid'',''Tue'',90)';
  EXECUTE IMMEDIATE 'INSERT INTO A2_Price_List VALUES (''113'',''Mid'',''Wed'',90)';
  EXECUTE IMMEDIATE 'INSERT INTO A2_Price_List VALUES (''113'',''Mid'',''Thu'',100)';
  EXECUTE IMMEDIATE 'INSERT INTO A2_Price_List VALUES (''113'',''Mid'',''Fri'',113)';
  EXECUTE IMMEDIATE 'INSERT INTO A2_Price_List VALUES (''113'',''Mid'',''Sat'',120)';
  EXECUTE IMMEDIATE 'INSERT INTO A2_Price_List VALUES (''113'',''Mid'',''Sun'',100)';
  EXECUTE IMMEDIATE 'INSERT INTO A2_Price_List VALUES (''113'',''Low'',''Mon'',75.5)';
  EXECUTE IMMEDIATE 'INSERT INTO A2_Price_List VALUES (''113'',''Low'',''Tue'',69.5)';
  EXECUTE IMMEDIATE 'INSERT INTO A2_Price_List VALUES (''113'',''Low'',''Wed'',69.5)';
  EXECUTE IMMEDIATE 'INSERT INTO A2_Price_List VALUES (''113'',''Low'',''Thu'',80)';
  EXECUTE IMMEDIATE 'INSERT INTO A2_Price_List VALUES (''113'',''Low'',''Fri'',90)';
  EXECUTE IMMEDIATE 'INSERT INTO A2_Price_List VALUES (''113'',''Low'',''Sat'',90)';
  EXECUTE IMMEDIATE 'INSERT INTO A2_Price_List VALUES (''113'',''Low'',''Sun'',80)';
  EXECUTE IMMEDIATE 'INSERT INTO A2_Price_List VALUES (''114'',''High'',''Mon'',120)';
  EXECUTE IMMEDIATE 'INSERT INTO A2_Price_List VALUES (''114'',''High'',''Tue'',120)';
  EXECUTE IMMEDIATE 'INSERT INTO A2_Price_List VALUES (''114'',''High'',''Wed'',120)';
  EXECUTE IMMEDIATE 'INSERT INTO A2_Price_List VALUES (''114'',''High'',''Thu'',120)';
  EXECUTE IMMEDIATE 'INSERT INTO A2_Price_List VALUES (''114'',''High'',''Fri'',150)';
  EXECUTE IMMEDIATE 'INSERT INTO A2_Price_List VALUES (''114'',''High'',''Sat'',150)';
  EXECUTE IMMEDIATE 'INSERT INTO A2_Price_List VALUES (''114'',''High'',''Sun'',120)';
  EXECUTE IMMEDIATE 'INSERT INTO A2_Price_List VALUES (''114'',''Mid'',''Mon'',100)';
  EXECUTE IMMEDIATE 'INSERT INTO A2_Price_List VALUES (''114'',''Mid'',''Tue'',90)';
  EXECUTE IMMEDIATE 'INSERT INTO A2_Price_List VALUES (''114'',''Mid'',''Wed'',90)';
  EXECUTE IMMEDIATE 'INSERT INTO A2_Price_List VALUES (''114'',''Mid'',''Thu'',100)';
  EXECUTE IMMEDIATE 'INSERT INTO A2_Price_List VALUES (''114'',''Mid'',''Fri'',110)';
  EXECUTE IMMEDIATE 'INSERT INTO A2_Price_List VALUES (''114'',''Mid'',''Sat'',120)';
  EXECUTE IMMEDIATE 'INSERT INTO A2_Price_List VALUES (''114'',''Mid'',''Sun'',100)';
  EXECUTE IMMEDIATE 'INSERT INTO A2_Price_List VALUES (''114'',''Low'',''Mon'',75.5)';
  EXECUTE IMMEDIATE 'INSERT INTO A2_Price_List VALUES (''114'',''Low'',''Tue'',69.5)';
  EXECUTE IMMEDIATE 'INSERT INTO A2_Price_List VALUES (''114'',''Low'',''Wed'',69.5)';
  EXECUTE IMMEDIATE 'INSERT INTO A2_Price_List VALUES (''114'',''Low'',''Thu'',80)';
  EXECUTE IMMEDIATE 'INSERT INTO A2_Price_List VALUES (''114'',''Low'',''Fri'',90)';
  EXECUTE IMMEDIATE 'INSERT INTO A2_Price_List VALUES (''114'',''Low'',''Sat'',90)';
  EXECUTE IMMEDIATE 'INSERT INTO A2_Price_List VALUES (''114'',''Low'',''Sun'',80)';
  EXECUTE IMMEDIATE 'INSERT INTO A2_Price_List VALUES (''115'',''High'',''Mon'',120)';
  EXECUTE IMMEDIATE 'INSERT INTO A2_Price_List VALUES (''115'',''High'',''Tue'',120)';
  EXECUTE IMMEDIATE 'INSERT INTO A2_Price_List VALUES (''115'',''High'',''Wed'',120)';
  EXECUTE IMMEDIATE 'INSERT INTO A2_Price_List VALUES (''115'',''High'',''Thu'',120)';
  EXECUTE IMMEDIATE 'INSERT INTO A2_Price_List VALUES (''115'',''High'',''Fri'',150)';
  EXECUTE IMMEDIATE 'INSERT INTO A2_Price_List VALUES (''115'',''High'',''Sat'',150)';
  EXECUTE IMMEDIATE 'INSERT INTO A2_Price_List VALUES (''115'',''High'',''Sun'',120)';
  EXECUTE IMMEDIATE 'INSERT INTO A2_Price_List VALUES (''115'',''Mid'',''Mon'',100)';
  EXECUTE IMMEDIATE 'INSERT INTO A2_Price_List VALUES (''115'',''Mid'',''Tue'',90)';
  EXECUTE IMMEDIATE 'INSERT INTO A2_Price_List VALUES (''115'',''Mid'',''Wed'',90)';
  EXECUTE IMMEDIATE 'INSERT INTO A2_Price_List VALUES (''115'',''Mid'',''Thu'',100)';
  EXECUTE IMMEDIATE 'INSERT INTO A2_Price_List VALUES (''115'',''Mid'',''Fri'',110)';
  EXECUTE IMMEDIATE 'INSERT INTO A2_Price_List VALUES (''115'',''Mid'',''Sat'',120)';
  EXECUTE IMMEDIATE 'INSERT INTO A2_Price_List VALUES (''115'',''Mid'',''Sun'',100)';
  EXECUTE IMMEDIATE 'INSERT INTO A2_Price_List VALUES (''115'',''Low'',''Mon'',75.5)';
  EXECUTE IMMEDIATE 'INSERT INTO A2_Price_List VALUES (''115'',''Low'',''Tue'',69.5)';
  EXECUTE IMMEDIATE 'INSERT INTO A2_Price_List VALUES (''115'',''Low'',''Wed'',69.5)';
  EXECUTE IMMEDIATE 'INSERT INTO A2_Price_List VALUES (''115'',''Low'',''Thu'',80)';
  EXECUTE IMMEDIATE 'INSERT INTO A2_Price_List VALUES (''115'',''Low'',''Fri'',90)';
  EXECUTE IMMEDIATE 'INSERT INTO A2_Price_List VALUES (''115'',''Low'',''Sat'',90)';
  EXECUTE IMMEDIATE 'INSERT INTO A2_Price_List VALUES (''115'',''Low'',''Sun'',80)';
  EXECUTE IMMEDIATE 'INSERT INTO A2_Price_List VALUES (''116'',''High'',''Mon'',120)';
  EXECUTE IMMEDIATE 'INSERT INTO A2_Price_List VALUES (''116'',''High'',''Tue'',120)';
  EXECUTE IMMEDIATE 'INSERT INTO A2_Price_List VALUES (''116'',''High'',''Wed'',120)';
  EXECUTE IMMEDIATE 'INSERT INTO A2_Price_List VALUES (''116'',''High'',''Thu'',120)';
  EXECUTE IMMEDIATE 'INSERT INTO A2_Price_List VALUES (''116'',''High'',''Fri'',150)';
  EXECUTE IMMEDIATE 'INSERT INTO A2_Price_List VALUES (''116'',''High'',''Sat'',150)';
  EXECUTE IMMEDIATE 'INSERT INTO A2_Price_List VALUES (''116'',''High'',''Sun'',120)';
  EXECUTE IMMEDIATE 'INSERT INTO A2_Price_List VALUES (''116'',''Mid'',''Mon'',100)';
  EXECUTE IMMEDIATE 'INSERT INTO A2_Price_List VALUES (''116'',''Mid'',''Tue'',90)';
  EXECUTE IMMEDIATE 'INSERT INTO A2_Price_List VALUES (''116'',''Mid'',''Wed'',90)';
  EXECUTE IMMEDIATE 'INSERT INTO A2_Price_List VALUES (''116'',''Mid'',''Thu'',100)';
  EXECUTE IMMEDIATE 'INSERT INTO A2_Price_List VALUES (''116'',''Mid'',''Fri'',110)';
  EXECUTE IMMEDIATE 'INSERT INTO A2_Price_List VALUES (''116'',''Mid'',''Sat'',120)';
  EXECUTE IMMEDIATE 'INSERT INTO A2_Price_List VALUES (''116'',''Mid'',''Sun'',100)';
  EXECUTE IMMEDIATE 'INSERT INTO A2_Price_List VALUES (''116'',''Low'',''Mon'',75.5)';
  EXECUTE IMMEDIATE 'INSERT INTO A2_Price_List VALUES (''116'',''Low'',''Tue'',69.5)';
  EXECUTE IMMEDIATE 'INSERT INTO A2_Price_List VALUES (''116'',''Low'',''Wed'',69.5)';
  EXECUTE IMMEDIATE 'INSERT INTO A2_Price_List VALUES (''116'',''Low'',''Thu'',80)';
  EXECUTE IMMEDIATE 'INSERT INTO A2_Price_List VALUES (''116'',''Low'',''Fri'',90)';
  EXECUTE IMMEDIATE 'INSERT INTO A2_Price_List VALUES (''116'',''Low'',''Sat'',90)';
  EXECUTE IMMEDIATE 'INSERT INTO A2_Price_List VALUES (''116'',''Low'',''Sun'',80)';
  EXECUTE IMMEDIATE 'INSERT INTO A2_Price_List VALUES (''117'',''High'',''Mon'',120)';
  EXECUTE IMMEDIATE 'INSERT INTO A2_Price_List VALUES (''117'',''High'',''Tue'',120)';
  EXECUTE IMMEDIATE 'INSERT INTO A2_Price_List VALUES (''117'',''High'',''Wed'',120)';
  EXECUTE IMMEDIATE 'INSERT INTO A2_Price_List VALUES (''117'',''High'',''Thu'',120)';
  EXECUTE IMMEDIATE 'INSERT INTO A2_Price_List VALUES (''117'',''High'',''Fri'',150)';
  EXECUTE IMMEDIATE 'INSERT INTO A2_Price_List VALUES (''117'',''High'',''Sat'',150)';
  EXECUTE IMMEDIATE 'INSERT INTO A2_Price_List VALUES (''117'',''High'',''Sun'',120)';
  EXECUTE IMMEDIATE 'INSERT INTO A2_Price_List VALUES (''117'',''Mid'',''Mon'',100)';
  EXECUTE IMMEDIATE 'INSERT INTO A2_Price_List VALUES (''117'',''Mid'',''Tue'',90)';
  EXECUTE IMMEDIATE 'INSERT INTO A2_Price_List VALUES (''117'',''Mid'',''Wed'',90)';
  EXECUTE IMMEDIATE 'INSERT INTO A2_Price_List VALUES (''117'',''Mid'',''Thu'',100)';
  EXECUTE IMMEDIATE 'INSERT INTO A2_Price_List VALUES (''117'',''Mid'',''Fri'',110)';
  EXECUTE IMMEDIATE 'INSERT INTO A2_Price_List VALUES (''117'',''Mid'',''Sat'',120)';
  EXECUTE IMMEDIATE 'INSERT INTO A2_Price_List VALUES (''117'',''Mid'',''Sun'',100)';
  EXECUTE IMMEDIATE 'INSERT INTO A2_Price_List VALUES (''117'',''Low'',''Mon'',75.5)';
  EXECUTE IMMEDIATE 'INSERT INTO A2_Price_List VALUES (''117'',''Low'',''Tue'',69.5)';
  EXECUTE IMMEDIATE 'INSERT INTO A2_Price_List VALUES (''117'',''Low'',''Wed'',69.5)';
  EXECUTE IMMEDIATE 'INSERT INTO A2_Price_List VALUES (''117'',''Low'',''Thu'',80)';
  EXECUTE IMMEDIATE 'INSERT INTO A2_Price_List VALUES (''117'',''Low'',''Fri'',90)';
  EXECUTE IMMEDIATE 'INSERT INTO A2_Price_List VALUES (''117'',''Low'',''Sat'',90)';
  EXECUTE IMMEDIATE 'INSERT INTO A2_Price_List VALUES (''117'',''Low'',''Sun'',80)';
  EXECUTE IMMEDIATE 'INSERT INTO A2_Price_List VALUES (''118'',''High'',''Mon'',120)';
  EXECUTE IMMEDIATE 'INSERT INTO A2_Price_List VALUES (''118'',''High'',''Tue'',120)';
  EXECUTE IMMEDIATE 'INSERT INTO A2_Price_List VALUES (''118'',''High'',''Wed'',120)';
  EXECUTE IMMEDIATE 'INSERT INTO A2_Price_List VALUES (''118'',''High'',''Thu'',120)';
  EXECUTE IMMEDIATE 'INSERT INTO A2_Price_List VALUES (''118'',''High'',''Fri'',150)';
  EXECUTE IMMEDIATE 'INSERT INTO A2_Price_List VALUES (''118'',''High'',''Sat'',150)';
  EXECUTE IMMEDIATE 'INSERT INTO A2_Price_List VALUES (''118'',''High'',''Sun'',120)';
  EXECUTE IMMEDIATE 'INSERT INTO A2_Price_List VALUES (''118'',''Mid'',''Mon'',100)';
  EXECUTE IMMEDIATE 'INSERT INTO A2_Price_List VALUES (''118'',''Mid'',''Tue'',90)';
  EXECUTE IMMEDIATE 'INSERT INTO A2_Price_List VALUES (''118'',''Mid'',''Wed'',90)';
  EXECUTE IMMEDIATE 'INSERT INTO A2_Price_List VALUES (''118'',''Mid'',''Thu'',100)';
  EXECUTE IMMEDIATE 'INSERT INTO A2_Price_List VALUES (''118'',''Mid'',''Fri'',110)';
  EXECUTE IMMEDIATE 'INSERT INTO A2_Price_List VALUES (''118'',''Mid'',''Sat'',120)';
  EXECUTE IMMEDIATE 'INSERT INTO A2_Price_List VALUES (''118'',''Mid'',''Sun'',100)';
  EXECUTE IMMEDIATE 'INSERT INTO A2_Price_List VALUES (''118'',''Low'',''Mon'',75.5)';
  EXECUTE IMMEDIATE 'INSERT INTO A2_Price_List VALUES (''118'',''Low'',''Tue'',69.5)';
  EXECUTE IMMEDIATE 'INSERT INTO A2_Price_List VALUES (''118'',''Low'',''Wed'',69.5)';
  EXECUTE IMMEDIATE 'INSERT INTO A2_Price_List VALUES (''118'',''Low'',''Thu'',80)';
  EXECUTE IMMEDIATE 'INSERT INTO A2_Price_List VALUES (''118'',''Low'',''Fri'',90)';
  EXECUTE IMMEDIATE 'INSERT INTO A2_Price_List VALUES (''118'',''Low'',''Sat'',90)';
  EXECUTE IMMEDIATE 'INSERT INTO A2_Price_List VALUES (''118'',''Low'',''Sun'',80)';
  EXECUTE IMMEDIATE 'INSERT INTO A2_Price_List VALUES (''119'',''High'',''Mon'',120)';
  EXECUTE IMMEDIATE 'INSERT INTO A2_Price_List VALUES (''119'',''High'',''Tue'',120)';
  EXECUTE IMMEDIATE 'INSERT INTO A2_Price_List VALUES (''119'',''High'',''Wed'',120)';
  EXECUTE IMMEDIATE 'INSERT INTO A2_Price_List VALUES (''119'',''High'',''Thu'',120)';
  EXECUTE IMMEDIATE 'INSERT INTO A2_Price_List VALUES (''119'',''High'',''Fri'',150)';
  EXECUTE IMMEDIATE 'INSERT INTO A2_Price_List VALUES (''119'',''High'',''Sat'',150)';
  EXECUTE IMMEDIATE 'INSERT INTO A2_Price_List VALUES (''119'',''High'',''Sun'',120)';
  EXECUTE IMMEDIATE 'INSERT INTO A2_Price_List VALUES (''119'',''Mid'',''Mon'',100)';
  EXECUTE IMMEDIATE 'INSERT INTO A2_Price_List VALUES (''119'',''Mid'',''Tue'',90)';
  EXECUTE IMMEDIATE 'INSERT INTO A2_Price_List VALUES (''119'',''Mid'',''Wed'',90)';
  EXECUTE IMMEDIATE 'INSERT INTO A2_Price_List VALUES (''119'',''Mid'',''Thu'',100)';
  EXECUTE IMMEDIATE 'INSERT INTO A2_Price_List VALUES (''119'',''Mid'',''Fri'',110)';
  EXECUTE IMMEDIATE 'INSERT INTO A2_Price_List VALUES (''119'',''Mid'',''Sat'',120)';
  EXECUTE IMMEDIATE 'INSERT INTO A2_Price_List VALUES (''119'',''Mid'',''Sun'',100)';
  EXECUTE IMMEDIATE 'INSERT INTO A2_Price_List VALUES (''119'',''Low'',''Mon'',75.5)';
  EXECUTE IMMEDIATE 'INSERT INTO A2_Price_List VALUES (''119'',''Low'',''Tue'',69.5)';
  EXECUTE IMMEDIATE 'INSERT INTO A2_Price_List VALUES (''119'',''Low'',''Wed'',69.5)';
  EXECUTE IMMEDIATE 'INSERT INTO A2_Price_List VALUES (''119'',''Low'',''Thu'',80)';
  EXECUTE IMMEDIATE 'INSERT INTO A2_Price_List VALUES (''119'',''Low'',''Fri'',90)';
  EXECUTE IMMEDIATE 'INSERT INTO A2_Price_List VALUES (''119'',''Low'',''Sat'',90)';
  EXECUTE IMMEDIATE 'INSERT INTO A2_Price_List VALUES (''119'',''Low'',''Sun'',80)';
  EXECUTE IMMEDIATE 'INSERT INTO A2_Price_List VALUES (''120'',''High'',''Mon'',120)';
  EXECUTE IMMEDIATE 'INSERT INTO A2_Price_List VALUES (''120'',''High'',''Tue'',120)';
  EXECUTE IMMEDIATE 'INSERT INTO A2_Price_List VALUES (''120'',''High'',''Wed'',120)';
  EXECUTE IMMEDIATE 'INSERT INTO A2_Price_List VALUES (''120'',''High'',''Thu'',120)';
  EXECUTE IMMEDIATE 'INSERT INTO A2_Price_List VALUES (''120'',''High'',''Fri'',150)';
  EXECUTE IMMEDIATE 'INSERT INTO A2_Price_List VALUES (''120'',''High'',''Sat'',150)';
  EXECUTE IMMEDIATE 'INSERT INTO A2_Price_List VALUES (''120'',''High'',''Sun'',120)';
  EXECUTE IMMEDIATE 'INSERT INTO A2_Price_List VALUES (''120'',''Mid'',''Mon'',100)';
  EXECUTE IMMEDIATE 'INSERT INTO A2_Price_List VALUES (''120'',''Mid'',''Tue'',90)';
  EXECUTE IMMEDIATE 'INSERT INTO A2_Price_List VALUES (''120'',''Mid'',''Wed'',90)';
  EXECUTE IMMEDIATE 'INSERT INTO A2_Price_List VALUES (''120'',''Mid'',''Thu'',100)';
  EXECUTE IMMEDIATE 'INSERT INTO A2_Price_List VALUES (''120'',''Mid'',''Fri'',110)';
  EXECUTE IMMEDIATE 'INSERT INTO A2_Price_List VALUES (''120'',''Mid'',''Sat'',120)';
  EXECUTE IMMEDIATE 'INSERT INTO A2_Price_List VALUES (''120'',''Mid'',''Sun'',100)';
  EXECUTE IMMEDIATE 'INSERT INTO A2_Price_List VALUES (''120'',''Low'',''Mon'',75.5)';
  EXECUTE IMMEDIATE 'INSERT INTO A2_Price_List VALUES (''120'',''Low'',''Tue'',69.5)';
  EXECUTE IMMEDIATE 'INSERT INTO A2_Price_List VALUES (''120'',''Low'',''Wed'',69.5)';
  EXECUTE IMMEDIATE 'INSERT INTO A2_Price_List VALUES (''120'',''Low'',''Thu'',80)';
  EXECUTE IMMEDIATE 'INSERT INTO A2_Price_List VALUES (''120'',''Low'',''Fri'',90)';
  EXECUTE IMMEDIATE 'INSERT INTO A2_Price_List VALUES (''120'',''Low'',''Sat'',90)';
  EXECUTE IMMEDIATE 'INSERT INTO A2_Price_List VALUES (''120'',''Low'',''Sun'',80)';
  EXECUTE IMMEDIATE 'INSERT INTO A2_Price_List VALUES (''201'',''High'',''Mon'',120)';
  EXECUTE IMMEDIATE 'INSERT INTO A2_Price_List VALUES (''201'',''High'',''Tue'',120)';
  EXECUTE IMMEDIATE 'INSERT INTO A2_Price_List VALUES (''201'',''High'',''Wed'',120)';
  EXECUTE IMMEDIATE 'INSERT INTO A2_Price_List VALUES (''201'',''High'',''Thu'',120)';
  EXECUTE IMMEDIATE 'INSERT INTO A2_Price_List VALUES (''201'',''High'',''Fri'',150)';
  EXECUTE IMMEDIATE 'INSERT INTO A2_Price_List VALUES (''201'',''High'',''Sat'',150)';
  EXECUTE IMMEDIATE 'INSERT INTO A2_Price_List VALUES (''201'',''High'',''Sun'',120)';
  EXECUTE IMMEDIATE 'INSERT INTO A2_Price_List VALUES (''201'',''Mid'',''Mon'',100)';
  EXECUTE IMMEDIATE 'INSERT INTO A2_Price_List VALUES (''201'',''Mid'',''Tue'',90)';
  EXECUTE IMMEDIATE 'INSERT INTO A2_Price_List VALUES (''201'',''Mid'',''Wed'',90)';
  EXECUTE IMMEDIATE 'INSERT INTO A2_Price_List VALUES (''201'',''Mid'',''Thu'',100)';
  EXECUTE IMMEDIATE 'INSERT INTO A2_Price_List VALUES (''201'',''Mid'',''Fri'',110)';
  EXECUTE IMMEDIATE 'INSERT INTO A2_Price_List VALUES (''201'',''Mid'',''Sat'',120)';
  EXECUTE IMMEDIATE 'INSERT INTO A2_Price_List VALUES (''201'',''Mid'',''Sun'',100)';
  EXECUTE IMMEDIATE 'INSERT INTO A2_Price_List VALUES (''201'',''Low'',''Mon'',75.5)';
  EXECUTE IMMEDIATE 'INSERT INTO A2_Price_List VALUES (''201'',''Low'',''Tue'',69.5)';
  EXECUTE IMMEDIATE 'INSERT INTO A2_Price_List VALUES (''201'',''Low'',''Wed'',69.5)';
  EXECUTE IMMEDIATE 'INSERT INTO A2_Price_List VALUES (''201'',''Low'',''Thu'',80)';
  EXECUTE IMMEDIATE 'INSERT INTO A2_Price_List VALUES (''201'',''Low'',''Fri'',90)';
  EXECUTE IMMEDIATE 'INSERT INTO A2_Price_List VALUES (''201'',''Low'',''Sat'',90)';
  EXECUTE IMMEDIATE 'INSERT INTO A2_Price_List VALUES (''201'',''Low'',''Sun'',80)';
  EXECUTE IMMEDIATE 'INSERT INTO A2_Price_List VALUES (''202'',''High'',''Mon'',120)';
  EXECUTE IMMEDIATE 'INSERT INTO A2_Price_List VALUES (''202'',''High'',''Tue'',120)';
  EXECUTE IMMEDIATE 'INSERT INTO A2_Price_List VALUES (''202'',''High'',''Wed'',120)';
  EXECUTE IMMEDIATE 'INSERT INTO A2_Price_List VALUES (''202'',''High'',''Thu'',120)';
  EXECUTE IMMEDIATE 'INSERT INTO A2_Price_List VALUES (''202'',''High'',''Fri'',150)';
  EXECUTE IMMEDIATE 'INSERT INTO A2_Price_List VALUES (''202'',''High'',''Sat'',150)';
  EXECUTE IMMEDIATE 'INSERT INTO A2_Price_List VALUES (''202'',''High'',''Sun'',120)';
  EXECUTE IMMEDIATE 'INSERT INTO A2_Price_List VALUES (''202'',''Mid'',''Mon'',100)';
  EXECUTE IMMEDIATE 'INSERT INTO A2_Price_List VALUES (''202'',''Mid'',''Tue'',90)';
  EXECUTE IMMEDIATE 'INSERT INTO A2_Price_List VALUES (''202'',''Mid'',''Wed'',90)';
  EXECUTE IMMEDIATE 'INSERT INTO A2_Price_List VALUES (''202'',''Mid'',''Thu'',100)';
  EXECUTE IMMEDIATE 'INSERT INTO A2_Price_List VALUES (''202'',''Mid'',''Fri'',110)';
  EXECUTE IMMEDIATE 'INSERT INTO A2_Price_List VALUES (''202'',''Mid'',''Sat'',120)';
  EXECUTE IMMEDIATE 'INSERT INTO A2_Price_List VALUES (''202'',''Mid'',''Sun'',100)';
  EXECUTE IMMEDIATE 'INSERT INTO A2_Price_List VALUES (''202'',''Low'',''Mon'',75.5)';
  EXECUTE IMMEDIATE 'INSERT INTO A2_Price_List VALUES (''202'',''Low'',''Tue'',69.5)';
  EXECUTE IMMEDIATE 'INSERT INTO A2_Price_List VALUES (''202'',''Low'',''Wed'',69.5)';
  EXECUTE IMMEDIATE 'INSERT INTO A2_Price_List VALUES (''202'',''Low'',''Thu'',80)';
  EXECUTE IMMEDIATE 'INSERT INTO A2_Price_List VALUES (''202'',''Low'',''Fri'',90)';
  EXECUTE IMMEDIATE 'INSERT INTO A2_Price_List VALUES (''202'',''Low'',''Sat'',90)';
  EXECUTE IMMEDIATE 'INSERT INTO A2_Price_List VALUES (''202'',''Low'',''Sun'',80)';
  EXECUTE IMMEDIATE 'INSERT INTO A2_Price_List VALUES (''203'',''High'',''Mon'',120)';
  EXECUTE IMMEDIATE 'INSERT INTO A2_Price_List VALUES (''203'',''High'',''Tue'',120)';
  EXECUTE IMMEDIATE 'INSERT INTO A2_Price_List VALUES (''203'',''High'',''Wed'',120)';
  EXECUTE IMMEDIATE 'INSERT INTO A2_Price_List VALUES (''203'',''High'',''Thu'',120)';
  EXECUTE IMMEDIATE 'INSERT INTO A2_Price_List VALUES (''203'',''High'',''Fri'',150)';
  EXECUTE IMMEDIATE 'INSERT INTO A2_Price_List VALUES (''203'',''High'',''Sat'',150)';
  EXECUTE IMMEDIATE 'INSERT INTO A2_Price_List VALUES (''203'',''High'',''Sun'',120)';
  EXECUTE IMMEDIATE 'INSERT INTO A2_Price_List VALUES (''203'',''Mid'',''Mon'',100)';
  EXECUTE IMMEDIATE 'INSERT INTO A2_Price_List VALUES (''203'',''Mid'',''Tue'',90)';
  EXECUTE IMMEDIATE 'INSERT INTO A2_Price_List VALUES (''203'',''Mid'',''Wed'',90)';
  EXECUTE IMMEDIATE 'INSERT INTO A2_Price_List VALUES (''203'',''Mid'',''Thu'',100)';
  EXECUTE IMMEDIATE 'INSERT INTO A2_Price_List VALUES (''203'',''Mid'',''Fri'',203)';
  EXECUTE IMMEDIATE 'INSERT INTO A2_Price_List VALUES (''203'',''Mid'',''Sat'',120)';
  EXECUTE IMMEDIATE 'INSERT INTO A2_Price_List VALUES (''203'',''Mid'',''Sun'',100)';
  EXECUTE IMMEDIATE 'INSERT INTO A2_Price_List VALUES (''203'',''Low'',''Mon'',75.5)';
  EXECUTE IMMEDIATE 'INSERT INTO A2_Price_List VALUES (''203'',''Low'',''Tue'',69.5)';
  EXECUTE IMMEDIATE 'INSERT INTO A2_Price_List VALUES (''203'',''Low'',''Wed'',69.5)';
  EXECUTE IMMEDIATE 'INSERT INTO A2_Price_List VALUES (''203'',''Low'',''Thu'',80)';
  EXECUTE IMMEDIATE 'INSERT INTO A2_Price_List VALUES (''203'',''Low'',''Fri'',90)';
  EXECUTE IMMEDIATE 'INSERT INTO A2_Price_List VALUES (''203'',''Low'',''Sat'',90)';
  EXECUTE IMMEDIATE 'INSERT INTO A2_Price_List VALUES (''203'',''Low'',''Sun'',80)';
  EXECUTE IMMEDIATE 'INSERT INTO A2_Price_List VALUES (''204'',''High'',''Mon'',120)';
  EXECUTE IMMEDIATE 'INSERT INTO A2_Price_List VALUES (''204'',''High'',''Tue'',120)';
  EXECUTE IMMEDIATE 'INSERT INTO A2_Price_List VALUES (''204'',''High'',''Wed'',120)';
  EXECUTE IMMEDIATE 'INSERT INTO A2_Price_List VALUES (''204'',''High'',''Thu'',120)';
  EXECUTE IMMEDIATE 'INSERT INTO A2_Price_List VALUES (''204'',''High'',''Fri'',150)';
  EXECUTE IMMEDIATE 'INSERT INTO A2_Price_List VALUES (''204'',''High'',''Sat'',150)';
  EXECUTE IMMEDIATE 'INSERT INTO A2_Price_List VALUES (''204'',''High'',''Sun'',120)';
  EXECUTE IMMEDIATE 'INSERT INTO A2_Price_List VALUES (''204'',''Mid'',''Mon'',100)';
  EXECUTE IMMEDIATE 'INSERT INTO A2_Price_List VALUES (''204'',''Mid'',''Tue'',90)';
  EXECUTE IMMEDIATE 'INSERT INTO A2_Price_List VALUES (''204'',''Mid'',''Wed'',90)';
  EXECUTE IMMEDIATE 'INSERT INTO A2_Price_List VALUES (''204'',''Mid'',''Thu'',100)';
  EXECUTE IMMEDIATE 'INSERT INTO A2_Price_List VALUES (''204'',''Mid'',''Fri'',110)';
  EXECUTE IMMEDIATE 'INSERT INTO A2_Price_List VALUES (''204'',''Mid'',''Sat'',120)';
  EXECUTE IMMEDIATE 'INSERT INTO A2_Price_List VALUES (''204'',''Mid'',''Sun'',100)';
  EXECUTE IMMEDIATE 'INSERT INTO A2_Price_List VALUES (''204'',''Low'',''Mon'',75.5)';
  EXECUTE IMMEDIATE 'INSERT INTO A2_Price_List VALUES (''204'',''Low'',''Tue'',69.5)';
  EXECUTE IMMEDIATE 'INSERT INTO A2_Price_List VALUES (''204'',''Low'',''Wed'',69.5)';
  EXECUTE IMMEDIATE 'INSERT INTO A2_Price_List VALUES (''204'',''Low'',''Thu'',80)';
  EXECUTE IMMEDIATE 'INSERT INTO A2_Price_List VALUES (''204'',''Low'',''Fri'',90)';
  EXECUTE IMMEDIATE 'INSERT INTO A2_Price_List VALUES (''204'',''Low'',''Sat'',90)';
  EXECUTE IMMEDIATE 'INSERT INTO A2_Price_List VALUES (''204'',''Low'',''Sun'',80)';
  EXECUTE IMMEDIATE 'INSERT INTO A2_Price_List VALUES (''205'',''High'',''Mon'',120)';
  EXECUTE IMMEDIATE 'INSERT INTO A2_Price_List VALUES (''205'',''High'',''Tue'',120)';
  EXECUTE IMMEDIATE 'INSERT INTO A2_Price_List VALUES (''205'',''High'',''Wed'',120)';
  EXECUTE IMMEDIATE 'INSERT INTO A2_Price_List VALUES (''205'',''High'',''Thu'',120)';
  EXECUTE IMMEDIATE 'INSERT INTO A2_Price_List VALUES (''205'',''High'',''Fri'',150)';
  EXECUTE IMMEDIATE 'INSERT INTO A2_Price_List VALUES (''205'',''High'',''Sat'',150)';
  EXECUTE IMMEDIATE 'INSERT INTO A2_Price_List VALUES (''205'',''High'',''Sun'',120)';
  EXECUTE IMMEDIATE 'INSERT INTO A2_Price_List VALUES (''205'',''Mid'',''Mon'',100)';
  EXECUTE IMMEDIATE 'INSERT INTO A2_Price_List VALUES (''205'',''Mid'',''Tue'',90)';
  EXECUTE IMMEDIATE 'INSERT INTO A2_Price_List VALUES (''205'',''Mid'',''Wed'',90)';
  EXECUTE IMMEDIATE 'INSERT INTO A2_Price_List VALUES (''205'',''Mid'',''Thu'',100)';
  EXECUTE IMMEDIATE 'INSERT INTO A2_Price_List VALUES (''205'',''Mid'',''Fri'',205)';
  EXECUTE IMMEDIATE 'INSERT INTO A2_Price_List VALUES (''205'',''Mid'',''Sat'',120)';
  EXECUTE IMMEDIATE 'INSERT INTO A2_Price_List VALUES (''205'',''Mid'',''Sun'',100)';
  EXECUTE IMMEDIATE 'INSERT INTO A2_Price_List VALUES (''205'',''Low'',''Mon'',75.5)';
  EXECUTE IMMEDIATE 'INSERT INTO A2_Price_List VALUES (''205'',''Low'',''Tue'',69.5)';
  EXECUTE IMMEDIATE 'INSERT INTO A2_Price_List VALUES (''205'',''Low'',''Wed'',69.5)';
  EXECUTE IMMEDIATE 'INSERT INTO A2_Price_List VALUES (''205'',''Low'',''Thu'',80)';
  EXECUTE IMMEDIATE 'INSERT INTO A2_Price_List VALUES (''205'',''Low'',''Fri'',90)';
  EXECUTE IMMEDIATE 'INSERT INTO A2_Price_List VALUES (''205'',''Low'',''Sat'',90)';
  EXECUTE IMMEDIATE 'INSERT INTO A2_Price_List VALUES (''205'',''Low'',''Sun'',80)';
  EXECUTE IMMEDIATE 'INSERT INTO A2_Price_List VALUES (''206'',''High'',''Mon'',120)';
  EXECUTE IMMEDIATE 'INSERT INTO A2_Price_List VALUES (''206'',''High'',''Tue'',120)';
  EXECUTE IMMEDIATE 'INSERT INTO A2_Price_List VALUES (''206'',''High'',''Wed'',120)';
  EXECUTE IMMEDIATE 'INSERT INTO A2_Price_List VALUES (''206'',''High'',''Thu'',120)';
  EXECUTE IMMEDIATE 'INSERT INTO A2_Price_List VALUES (''206'',''High'',''Fri'',150)';
  EXECUTE IMMEDIATE 'INSERT INTO A2_Price_List VALUES (''206'',''High'',''Sat'',150)';
  EXECUTE IMMEDIATE 'INSERT INTO A2_Price_List VALUES (''206'',''High'',''Sun'',120)';
  EXECUTE IMMEDIATE 'INSERT INTO A2_Price_List VALUES (''206'',''Mid'',''Mon'',100)';
  EXECUTE IMMEDIATE 'INSERT INTO A2_Price_List VALUES (''206'',''Mid'',''Tue'',90)';
  EXECUTE IMMEDIATE 'INSERT INTO A2_Price_List VALUES (''206'',''Mid'',''Wed'',90)';
  EXECUTE IMMEDIATE 'INSERT INTO A2_Price_List VALUES (''206'',''Mid'',''Thu'',100)';
  EXECUTE IMMEDIATE 'INSERT INTO A2_Price_List VALUES (''206'',''Mid'',''Fri'',206)';
  EXECUTE IMMEDIATE 'INSERT INTO A2_Price_List VALUES (''206'',''Mid'',''Sat'',120)';
  EXECUTE IMMEDIATE 'INSERT INTO A2_Price_List VALUES (''206'',''Mid'',''Sun'',100)';
  EXECUTE IMMEDIATE 'INSERT INTO A2_Price_List VALUES (''206'',''Low'',''Mon'',75.5)';
  EXECUTE IMMEDIATE 'INSERT INTO A2_Price_List VALUES (''206'',''Low'',''Tue'',69.5)';
  EXECUTE IMMEDIATE 'INSERT INTO A2_Price_List VALUES (''206'',''Low'',''Wed'',69.5)';
  EXECUTE IMMEDIATE 'INSERT INTO A2_Price_List VALUES (''206'',''Low'',''Thu'',80)';
  EXECUTE IMMEDIATE 'INSERT INTO A2_Price_List VALUES (''206'',''Low'',''Fri'',90)';
  EXECUTE IMMEDIATE 'INSERT INTO A2_Price_List VALUES (''206'',''Low'',''Sat'',90)';
  EXECUTE IMMEDIATE 'INSERT INTO A2_Price_List VALUES (''206'',''Low'',''Sun'',80)';
  EXECUTE IMMEDIATE 'INSERT INTO A2_Price_List VALUES (''207'',''High'',''Mon'',120)';
  EXECUTE IMMEDIATE 'INSERT INTO A2_Price_List VALUES (''207'',''High'',''Tue'',120)';
  EXECUTE IMMEDIATE 'INSERT INTO A2_Price_List VALUES (''207'',''High'',''Wed'',120)';
  EXECUTE IMMEDIATE 'INSERT INTO A2_Price_List VALUES (''207'',''High'',''Thu'',120)';
  EXECUTE IMMEDIATE 'INSERT INTO A2_Price_List VALUES (''207'',''High'',''Fri'',150)';
  EXECUTE IMMEDIATE 'INSERT INTO A2_Price_List VALUES (''207'',''High'',''Sat'',150)';
  EXECUTE IMMEDIATE 'INSERT INTO A2_Price_List VALUES (''207'',''High'',''Sun'',120)';
  EXECUTE IMMEDIATE 'INSERT INTO A2_Price_List VALUES (''207'',''Mid'',''Mon'',100)';
  EXECUTE IMMEDIATE 'INSERT INTO A2_Price_List VALUES (''207'',''Mid'',''Tue'',90)';
  EXECUTE IMMEDIATE 'INSERT INTO A2_Price_List VALUES (''207'',''Mid'',''Wed'',90)';
  EXECUTE IMMEDIATE 'INSERT INTO A2_Price_List VALUES (''207'',''Mid'',''Thu'',100)';
  EXECUTE IMMEDIATE 'INSERT INTO A2_Price_List VALUES (''207'',''Mid'',''Fri'',110)';
  EXECUTE IMMEDIATE 'INSERT INTO A2_Price_List VALUES (''207'',''Mid'',''Sat'',120)';
  EXECUTE IMMEDIATE 'INSERT INTO A2_Price_List VALUES (''207'',''Mid'',''Sun'',100)';
  EXECUTE IMMEDIATE 'INSERT INTO A2_Price_List VALUES (''207'',''Low'',''Mon'',75.5)';
  EXECUTE IMMEDIATE 'INSERT INTO A2_Price_List VALUES (''207'',''Low'',''Tue'',69.5)';
  EXECUTE IMMEDIATE 'INSERT INTO A2_Price_List VALUES (''207'',''Low'',''Wed'',69.5)';
  EXECUTE IMMEDIATE 'INSERT INTO A2_Price_List VALUES (''207'',''Low'',''Thu'',80)';
  EXECUTE IMMEDIATE 'INSERT INTO A2_Price_List VALUES (''207'',''Low'',''Fri'',90)';
  EXECUTE IMMEDIATE 'INSERT INTO A2_Price_List VALUES (''207'',''Low'',''Sat'',90)';
  EXECUTE IMMEDIATE 'INSERT INTO A2_Price_List VALUES (''207'',''Low'',''Sun'',80)';
  EXECUTE IMMEDIATE 'INSERT INTO A2_Price_List VALUES (''208'',''High'',''Mon'',120)';
  EXECUTE IMMEDIATE 'INSERT INTO A2_Price_List VALUES (''208'',''High'',''Tue'',120)';
  EXECUTE IMMEDIATE 'INSERT INTO A2_Price_List VALUES (''208'',''High'',''Wed'',120)';
  EXECUTE IMMEDIATE 'INSERT INTO A2_Price_List VALUES (''208'',''High'',''Thu'',120)';
  EXECUTE IMMEDIATE 'INSERT INTO A2_Price_List VALUES (''208'',''High'',''Fri'',150)';
  EXECUTE IMMEDIATE 'INSERT INTO A2_Price_List VALUES (''208'',''High'',''Sat'',150)';
  EXECUTE IMMEDIATE 'INSERT INTO A2_Price_List VALUES (''208'',''High'',''Sun'',120)';
  EXECUTE IMMEDIATE 'INSERT INTO A2_Price_List VALUES (''208'',''Mid'',''Mon'',100)';
  EXECUTE IMMEDIATE 'INSERT INTO A2_Price_List VALUES (''208'',''Mid'',''Tue'',90)';
  EXECUTE IMMEDIATE 'INSERT INTO A2_Price_List VALUES (''208'',''Mid'',''Wed'',90)';
  EXECUTE IMMEDIATE 'INSERT INTO A2_Price_List VALUES (''208'',''Mid'',''Thu'',100)';
  EXECUTE IMMEDIATE 'INSERT INTO A2_Price_List VALUES (''208'',''Mid'',''Fri'',110)';
  EXECUTE IMMEDIATE 'INSERT INTO A2_Price_List VALUES (''208'',''Mid'',''Sat'',120)';
  EXECUTE IMMEDIATE 'INSERT INTO A2_Price_List VALUES (''208'',''Mid'',''Sun'',100)';
  EXECUTE IMMEDIATE 'INSERT INTO A2_Price_List VALUES (''208'',''Low'',''Mon'',75.5)';
  EXECUTE IMMEDIATE 'INSERT INTO A2_Price_List VALUES (''208'',''Low'',''Tue'',69.5)';
  EXECUTE IMMEDIATE 'INSERT INTO A2_Price_List VALUES (''208'',''Low'',''Wed'',69.5)';
  EXECUTE IMMEDIATE 'INSERT INTO A2_Price_List VALUES (''208'',''Low'',''Thu'',80)';
  EXECUTE IMMEDIATE 'INSERT INTO A2_Price_List VALUES (''208'',''Low'',''Fri'',90)';
  EXECUTE IMMEDIATE 'INSERT INTO A2_Price_List VALUES (''208'',''Low'',''Sat'',90)';
  EXECUTE IMMEDIATE 'INSERT INTO A2_Price_List VALUES (''208'',''Low'',''Sun'',80)';
  EXECUTE IMMEDIATE 'INSERT INTO A2_Price_List VALUES (''209'',''High'',''Mon'',120)';
  EXECUTE IMMEDIATE 'INSERT INTO A2_Price_List VALUES (''209'',''High'',''Tue'',120)';
  EXECUTE IMMEDIATE 'INSERT INTO A2_Price_List VALUES (''209'',''High'',''Wed'',120)';
  EXECUTE IMMEDIATE 'INSERT INTO A2_Price_List VALUES (''209'',''High'',''Thu'',120)';
  EXECUTE IMMEDIATE 'INSERT INTO A2_Price_List VALUES (''209'',''High'',''Fri'',150)';
  EXECUTE IMMEDIATE 'INSERT INTO A2_Price_List VALUES (''209'',''High'',''Sat'',150)';
  EXECUTE IMMEDIATE 'INSERT INTO A2_Price_List VALUES (''209'',''High'',''Sun'',120)';
  EXECUTE IMMEDIATE 'INSERT INTO A2_Price_List VALUES (''209'',''Mid'',''Mon'',100)';
  EXECUTE IMMEDIATE 'INSERT INTO A2_Price_List VALUES (''209'',''Mid'',''Tue'',90)';
  EXECUTE IMMEDIATE 'INSERT INTO A2_Price_List VALUES (''209'',''Mid'',''Wed'',90)';
  EXECUTE IMMEDIATE 'INSERT INTO A2_Price_List VALUES (''209'',''Mid'',''Thu'',100)';
  EXECUTE IMMEDIATE 'INSERT INTO A2_Price_List VALUES (''209'',''Mid'',''Fri'',209)';
  EXECUTE IMMEDIATE 'INSERT INTO A2_Price_List VALUES (''209'',''Mid'',''Sat'',120)';
  EXECUTE IMMEDIATE 'INSERT INTO A2_Price_List VALUES (''209'',''Mid'',''Sun'',100)';
  EXECUTE IMMEDIATE 'INSERT INTO A2_Price_List VALUES (''209'',''Low'',''Mon'',75.5)';
  EXECUTE IMMEDIATE 'INSERT INTO A2_Price_List VALUES (''209'',''Low'',''Tue'',69.5)';
  EXECUTE IMMEDIATE 'INSERT INTO A2_Price_List VALUES (''209'',''Low'',''Wed'',69.5)';
  EXECUTE IMMEDIATE 'INSERT INTO A2_Price_List VALUES (''209'',''Low'',''Thu'',80)';
  EXECUTE IMMEDIATE 'INSERT INTO A2_Price_List VALUES (''209'',''Low'',''Fri'',90)';
  EXECUTE IMMEDIATE 'INSERT INTO A2_Price_List VALUES (''209'',''Low'',''Sat'',90)';
  EXECUTE IMMEDIATE 'INSERT INTO A2_Price_List VALUES (''209'',''Low'',''Sun'',80)';
  EXECUTE IMMEDIATE 'INSERT INTO A2_Price_List VALUES (''210'',''High'',''Mon'',120)';
  EXECUTE IMMEDIATE 'INSERT INTO A2_Price_List VALUES (''210'',''High'',''Tue'',120)';
  EXECUTE IMMEDIATE 'INSERT INTO A2_Price_List VALUES (''210'',''High'',''Wed'',120)';
  EXECUTE IMMEDIATE 'INSERT INTO A2_Price_List VALUES (''210'',''High'',''Thu'',120)';
  EXECUTE IMMEDIATE 'INSERT INTO A2_Price_List VALUES (''210'',''High'',''Fri'',150)';
  EXECUTE IMMEDIATE 'INSERT INTO A2_Price_List VALUES (''210'',''High'',''Sat'',150)';
  EXECUTE IMMEDIATE 'INSERT INTO A2_Price_List VALUES (''210'',''High'',''Sun'',120)';
  EXECUTE IMMEDIATE 'INSERT INTO A2_Price_List VALUES (''210'',''Mid'',''Mon'',100)';
  EXECUTE IMMEDIATE 'INSERT INTO A2_Price_List VALUES (''210'',''Mid'',''Tue'',90)';
  EXECUTE IMMEDIATE 'INSERT INTO A2_Price_List VALUES (''210'',''Mid'',''Wed'',90)';
  EXECUTE IMMEDIATE 'INSERT INTO A2_Price_List VALUES (''210'',''Mid'',''Thu'',100)';
  EXECUTE IMMEDIATE 'INSERT INTO A2_Price_List VALUES (''210'',''Mid'',''Fri'',110)';
  EXECUTE IMMEDIATE 'INSERT INTO A2_Price_List VALUES (''210'',''Mid'',''Sat'',120)';
  EXECUTE IMMEDIATE 'INSERT INTO A2_Price_List VALUES (''210'',''Mid'',''Sun'',100)';
  EXECUTE IMMEDIATE 'INSERT INTO A2_Price_List VALUES (''210'',''Low'',''Mon'',75.5)';
  EXECUTE IMMEDIATE 'INSERT INTO A2_Price_List VALUES (''210'',''Low'',''Tue'',69.5)';
  EXECUTE IMMEDIATE 'INSERT INTO A2_Price_List VALUES (''210'',''Low'',''Wed'',69.5)';
  EXECUTE IMMEDIATE 'INSERT INTO A2_Price_List VALUES (''210'',''Low'',''Thu'',80)';
  EXECUTE IMMEDIATE 'INSERT INTO A2_Price_List VALUES (''210'',''Low'',''Fri'',90)';
  EXECUTE IMMEDIATE 'INSERT INTO A2_Price_List VALUES (''210'',''Low'',''Sat'',90)';
  EXECUTE IMMEDIATE 'INSERT INTO A2_Price_List VALUES (''210'',''Low'',''Sun'',80)';
  EXECUTE IMMEDIATE 'INSERT INTO A2_Price_List VALUES (''211'',''High'',''Mon'',120)';
  EXECUTE IMMEDIATE 'INSERT INTO A2_Price_List VALUES (''211'',''High'',''Tue'',120)';
  EXECUTE IMMEDIATE 'INSERT INTO A2_Price_List VALUES (''211'',''High'',''Wed'',120)';
  EXECUTE IMMEDIATE 'INSERT INTO A2_Price_List VALUES (''211'',''High'',''Thu'',120)';
  EXECUTE IMMEDIATE 'INSERT INTO A2_Price_List VALUES (''211'',''High'',''Fri'',150)';
  EXECUTE IMMEDIATE 'INSERT INTO A2_Price_List VALUES (''211'',''High'',''Sat'',150)';
  EXECUTE IMMEDIATE 'INSERT INTO A2_Price_List VALUES (''211'',''High'',''Sun'',120)';
  EXECUTE IMMEDIATE 'INSERT INTO A2_Price_List VALUES (''211'',''Mid'',''Mon'',100)';
  EXECUTE IMMEDIATE 'INSERT INTO A2_Price_List VALUES (''211'',''Mid'',''Tue'',90)';
  EXECUTE IMMEDIATE 'INSERT INTO A2_Price_List VALUES (''211'',''Mid'',''Wed'',90)';
  EXECUTE IMMEDIATE 'INSERT INTO A2_Price_List VALUES (''211'',''Mid'',''Thu'',100)';
  EXECUTE IMMEDIATE 'INSERT INTO A2_Price_List VALUES (''211'',''Mid'',''Fri'',211)';
  EXECUTE IMMEDIATE 'INSERT INTO A2_Price_List VALUES (''211'',''Mid'',''Sat'',120)';
  EXECUTE IMMEDIATE 'INSERT INTO A2_Price_List VALUES (''211'',''Mid'',''Sun'',100)';
  EXECUTE IMMEDIATE 'INSERT INTO A2_Price_List VALUES (''211'',''Low'',''Mon'',75.5)';
  EXECUTE IMMEDIATE 'INSERT INTO A2_Price_List VALUES (''211'',''Low'',''Tue'',69.5)';
  EXECUTE IMMEDIATE 'INSERT INTO A2_Price_List VALUES (''211'',''Low'',''Wed'',69.5)';
  EXECUTE IMMEDIATE 'INSERT INTO A2_Price_List VALUES (''211'',''Low'',''Thu'',80)';
  EXECUTE IMMEDIATE 'INSERT INTO A2_Price_List VALUES (''211'',''Low'',''Fri'',90)';
  EXECUTE IMMEDIATE 'INSERT INTO A2_Price_List VALUES (''211'',''Low'',''Sat'',90)';
  EXECUTE IMMEDIATE 'INSERT INTO A2_Price_List VALUES (''211'',''Low'',''Sun'',80)';
  EXECUTE IMMEDIATE 'INSERT INTO A2_Price_List VALUES (''212'',''High'',''Mon'',120)';
  EXECUTE IMMEDIATE 'INSERT INTO A2_Price_List VALUES (''212'',''High'',''Tue'',120)';
  EXECUTE IMMEDIATE 'INSERT INTO A2_Price_List VALUES (''212'',''High'',''Wed'',120)';
  EXECUTE IMMEDIATE 'INSERT INTO A2_Price_List VALUES (''212'',''High'',''Thu'',120)';
  EXECUTE IMMEDIATE 'INSERT INTO A2_Price_List VALUES (''212'',''High'',''Fri'',150)';
  EXECUTE IMMEDIATE 'INSERT INTO A2_Price_List VALUES (''212'',''High'',''Sat'',150)';
  EXECUTE IMMEDIATE 'INSERT INTO A2_Price_List VALUES (''212'',''High'',''Sun'',120)';
  EXECUTE IMMEDIATE 'INSERT INTO A2_Price_List VALUES (''212'',''Mid'',''Mon'',100)';
  EXECUTE IMMEDIATE 'INSERT INTO A2_Price_List VALUES (''212'',''Mid'',''Tue'',90)';
  EXECUTE IMMEDIATE 'INSERT INTO A2_Price_List VALUES (''212'',''Mid'',''Wed'',90)';
  EXECUTE IMMEDIATE 'INSERT INTO A2_Price_List VALUES (''212'',''Mid'',''Thu'',100)';
  EXECUTE IMMEDIATE 'INSERT INTO A2_Price_List VALUES (''212'',''Mid'',''Fri'',212)';
  EXECUTE IMMEDIATE 'INSERT INTO A2_Price_List VALUES (''212'',''Mid'',''Sat'',120)';
  EXECUTE IMMEDIATE 'INSERT INTO A2_Price_List VALUES (''212'',''Mid'',''Sun'',100)';
  EXECUTE IMMEDIATE 'INSERT INTO A2_Price_List VALUES (''212'',''Low'',''Mon'',75.5)';
  EXECUTE IMMEDIATE 'INSERT INTO A2_Price_List VALUES (''212'',''Low'',''Tue'',69.5)';
  EXECUTE IMMEDIATE 'INSERT INTO A2_Price_List VALUES (''212'',''Low'',''Wed'',69.5)';
  EXECUTE IMMEDIATE 'INSERT INTO A2_Price_List VALUES (''212'',''Low'',''Thu'',80)';
  EXECUTE IMMEDIATE 'INSERT INTO A2_Price_List VALUES (''212'',''Low'',''Fri'',90)';
  EXECUTE IMMEDIATE 'INSERT INTO A2_Price_List VALUES (''212'',''Low'',''Sat'',90)';
  EXECUTE IMMEDIATE 'INSERT INTO A2_Price_List VALUES (''212'',''Low'',''Sun'',80)';
  EXECUTE IMMEDIATE 'INSERT INTO A2_Price_List VALUES (''213'',''High'',''Mon'',120)';
  EXECUTE IMMEDIATE 'INSERT INTO A2_Price_List VALUES (''213'',''High'',''Tue'',120)';
  EXECUTE IMMEDIATE 'INSERT INTO A2_Price_List VALUES (''213'',''High'',''Wed'',120)';
  EXECUTE IMMEDIATE 'INSERT INTO A2_Price_List VALUES (''213'',''High'',''Thu'',120)';
  EXECUTE IMMEDIATE 'INSERT INTO A2_Price_List VALUES (''213'',''High'',''Fri'',150)';
  EXECUTE IMMEDIATE 'INSERT INTO A2_Price_List VALUES (''213'',''High'',''Sat'',150)';
  EXECUTE IMMEDIATE 'INSERT INTO A2_Price_List VALUES (''213'',''High'',''Sun'',120)';
  EXECUTE IMMEDIATE 'INSERT INTO A2_Price_List VALUES (''213'',''Mid'',''Mon'',100)';
  EXECUTE IMMEDIATE 'INSERT INTO A2_Price_List VALUES (''213'',''Mid'',''Tue'',90)';
  EXECUTE IMMEDIATE 'INSERT INTO A2_Price_List VALUES (''213'',''Mid'',''Wed'',90)';
  EXECUTE IMMEDIATE 'INSERT INTO A2_Price_List VALUES (''213'',''Mid'',''Thu'',100)';
  EXECUTE IMMEDIATE 'INSERT INTO A2_Price_List VALUES (''213'',''Mid'',''Fri'',110)';
  EXECUTE IMMEDIATE 'INSERT INTO A2_Price_List VALUES (''213'',''Mid'',''Sat'',120)';
  EXECUTE IMMEDIATE 'INSERT INTO A2_Price_List VALUES (''213'',''Mid'',''Sun'',100)';
  EXECUTE IMMEDIATE 'INSERT INTO A2_Price_List VALUES (''213'',''Low'',''Mon'',75.5)';
  EXECUTE IMMEDIATE 'INSERT INTO A2_Price_List VALUES (''213'',''Low'',''Tue'',69.5)';
  EXECUTE IMMEDIATE 'INSERT INTO A2_Price_List VALUES (''213'',''Low'',''Wed'',69.5)';
  EXECUTE IMMEDIATE 'INSERT INTO A2_Price_List VALUES (''213'',''Low'',''Thu'',80)';
  EXECUTE IMMEDIATE 'INSERT INTO A2_Price_List VALUES (''213'',''Low'',''Fri'',90)';
  EXECUTE IMMEDIATE 'INSERT INTO A2_Price_List VALUES (''213'',''Low'',''Sat'',90)';
  EXECUTE IMMEDIATE 'INSERT INTO A2_Price_List VALUES (''213'',''Low'',''Sun'',80)';
  EXECUTE IMMEDIATE 'INSERT INTO A2_Price_List VALUES (''214'',''High'',''Mon'',120)';
  EXECUTE IMMEDIATE 'INSERT INTO A2_Price_List VALUES (''214'',''High'',''Tue'',120)';
  EXECUTE IMMEDIATE 'INSERT INTO A2_Price_List VALUES (''214'',''High'',''Wed'',120)';
  EXECUTE IMMEDIATE 'INSERT INTO A2_Price_List VALUES (''214'',''High'',''Thu'',120)';
  EXECUTE IMMEDIATE 'INSERT INTO A2_Price_List VALUES (''214'',''High'',''Fri'',150)';
  EXECUTE IMMEDIATE 'INSERT INTO A2_Price_List VALUES (''214'',''High'',''Sat'',150)';
  EXECUTE IMMEDIATE 'INSERT INTO A2_Price_List VALUES (''214'',''High'',''Sun'',120)';
  EXECUTE IMMEDIATE 'INSERT INTO A2_Price_List VALUES (''214'',''Mid'',''Mon'',100)';
  EXECUTE IMMEDIATE 'INSERT INTO A2_Price_List VALUES (''214'',''Mid'',''Tue'',90)';
  EXECUTE IMMEDIATE 'INSERT INTO A2_Price_List VALUES (''214'',''Mid'',''Wed'',90)';
  EXECUTE IMMEDIATE 'INSERT INTO A2_Price_List VALUES (''214'',''Mid'',''Thu'',100)';
  EXECUTE IMMEDIATE 'INSERT INTO A2_Price_List VALUES (''214'',''Mid'',''Fri'',110)';
  EXECUTE IMMEDIATE 'INSERT INTO A2_Price_List VALUES (''214'',''Mid'',''Sat'',120)';
  EXECUTE IMMEDIATE 'INSERT INTO A2_Price_List VALUES (''214'',''Mid'',''Sun'',100)';
  EXECUTE IMMEDIATE 'INSERT INTO A2_Price_List VALUES (''214'',''Low'',''Mon'',75.5)';
  EXECUTE IMMEDIATE 'INSERT INTO A2_Price_List VALUES (''214'',''Low'',''Tue'',69.5)';
  EXECUTE IMMEDIATE 'INSERT INTO A2_Price_List VALUES (''214'',''Low'',''Wed'',69.5)';
  EXECUTE IMMEDIATE 'INSERT INTO A2_Price_List VALUES (''214'',''Low'',''Thu'',80)';
  EXECUTE IMMEDIATE 'INSERT INTO A2_Price_List VALUES (''214'',''Low'',''Fri'',90)';
  EXECUTE IMMEDIATE 'INSERT INTO A2_Price_List VALUES (''214'',''Low'',''Sat'',90)';
  EXECUTE IMMEDIATE 'INSERT INTO A2_Price_List VALUES (''214'',''Low'',''Sun'',80)';
  EXECUTE IMMEDIATE 'INSERT INTO A2_Price_List VALUES (''215'',''High'',''Mon'',120)';
  EXECUTE IMMEDIATE 'INSERT INTO A2_Price_List VALUES (''215'',''High'',''Tue'',120)';
  EXECUTE IMMEDIATE 'INSERT INTO A2_Price_List VALUES (''215'',''High'',''Wed'',120)';
  EXECUTE IMMEDIATE 'INSERT INTO A2_Price_List VALUES (''215'',''High'',''Thu'',120)';
  EXECUTE IMMEDIATE 'INSERT INTO A2_Price_List VALUES (''215'',''High'',''Fri'',150)';
  EXECUTE IMMEDIATE 'INSERT INTO A2_Price_List VALUES (''215'',''High'',''Sat'',150)';
  EXECUTE IMMEDIATE 'INSERT INTO A2_Price_List VALUES (''215'',''High'',''Sun'',120)';
  EXECUTE IMMEDIATE 'INSERT INTO A2_Price_List VALUES (''215'',''Mid'',''Mon'',100)';
  EXECUTE IMMEDIATE 'INSERT INTO A2_Price_List VALUES (''215'',''Mid'',''Tue'',90)';
  EXECUTE IMMEDIATE 'INSERT INTO A2_Price_List VALUES (''215'',''Mid'',''Wed'',90)';
  EXECUTE IMMEDIATE 'INSERT INTO A2_Price_List VALUES (''215'',''Mid'',''Thu'',100)';
  EXECUTE IMMEDIATE 'INSERT INTO A2_Price_List VALUES (''215'',''Mid'',''Fri'',215)';
  EXECUTE IMMEDIATE 'INSERT INTO A2_Price_List VALUES (''215'',''Mid'',''Sat'',120)';
  EXECUTE IMMEDIATE 'INSERT INTO A2_Price_List VALUES (''215'',''Mid'',''Sun'',100)';
  EXECUTE IMMEDIATE 'INSERT INTO A2_Price_List VALUES (''215'',''Low'',''Mon'',75.5)';
  EXECUTE IMMEDIATE 'INSERT INTO A2_Price_List VALUES (''215'',''Low'',''Tue'',69.5)';
  EXECUTE IMMEDIATE 'INSERT INTO A2_Price_List VALUES (''215'',''Low'',''Wed'',69.5)';
  EXECUTE IMMEDIATE 'INSERT INTO A2_Price_List VALUES (''215'',''Low'',''Thu'',80)';
  EXECUTE IMMEDIATE 'INSERT INTO A2_Price_List VALUES (''215'',''Low'',''Fri'',90)';
  EXECUTE IMMEDIATE 'INSERT INTO A2_Price_List VALUES (''215'',''Low'',''Sat'',90)';
  EXECUTE IMMEDIATE 'INSERT INTO A2_Price_List VALUES (''215'',''Low'',''Sun'',80)';
  EXECUTE IMMEDIATE 'INSERT INTO A2_Price_List VALUES (''216'',''High'',''Mon'',120)';
  EXECUTE IMMEDIATE 'INSERT INTO A2_Price_List VALUES (''216'',''High'',''Tue'',120)';
  EXECUTE IMMEDIATE 'INSERT INTO A2_Price_List VALUES (''216'',''High'',''Wed'',120)';
  EXECUTE IMMEDIATE 'INSERT INTO A2_Price_List VALUES (''216'',''High'',''Thu'',120)';
  EXECUTE IMMEDIATE 'INSERT INTO A2_Price_List VALUES (''216'',''High'',''Fri'',150)';
  EXECUTE IMMEDIATE 'INSERT INTO A2_Price_List VALUES (''216'',''High'',''Sat'',150)';
  EXECUTE IMMEDIATE 'INSERT INTO A2_Price_List VALUES (''216'',''High'',''Sun'',120)';
  EXECUTE IMMEDIATE 'INSERT INTO A2_Price_List VALUES (''216'',''Mid'',''Mon'',100)';
  EXECUTE IMMEDIATE 'INSERT INTO A2_Price_List VALUES (''216'',''Mid'',''Tue'',90)';
  EXECUTE IMMEDIATE 'INSERT INTO A2_Price_List VALUES (''216'',''Mid'',''Wed'',90)';
  EXECUTE IMMEDIATE 'INSERT INTO A2_Price_List VALUES (''216'',''Mid'',''Thu'',100)';
  EXECUTE IMMEDIATE 'INSERT INTO A2_Price_List VALUES (''216'',''Mid'',''Fri'',110)';
  EXECUTE IMMEDIATE 'INSERT INTO A2_Price_List VALUES (''216'',''Mid'',''Sat'',120)';
  EXECUTE IMMEDIATE 'INSERT INTO A2_Price_List VALUES (''216'',''Mid'',''Sun'',100)';
  EXECUTE IMMEDIATE 'INSERT INTO A2_Price_List VALUES (''216'',''Low'',''Mon'',75.5)';
  EXECUTE IMMEDIATE 'INSERT INTO A2_Price_List VALUES (''216'',''Low'',''Tue'',69.5)';
  EXECUTE IMMEDIATE 'INSERT INTO A2_Price_List VALUES (''216'',''Low'',''Wed'',69.5)';
  EXECUTE IMMEDIATE 'INSERT INTO A2_Price_List VALUES (''216'',''Low'',''Thu'',80)';
  EXECUTE IMMEDIATE 'INSERT INTO A2_Price_List VALUES (''216'',''Low'',''Fri'',90)';
  EXECUTE IMMEDIATE 'INSERT INTO A2_Price_List VALUES (''216'',''Low'',''Sat'',90)';
  EXECUTE IMMEDIATE 'INSERT INTO A2_Price_List VALUES (''216'',''Low'',''Sun'',80)';
  EXECUTE IMMEDIATE 'INSERT INTO A2_Price_List VALUES (''217'',''High'',''Mon'',120)';
  EXECUTE IMMEDIATE 'INSERT INTO A2_Price_List VALUES (''217'',''High'',''Tue'',120)';
  EXECUTE IMMEDIATE 'INSERT INTO A2_Price_List VALUES (''217'',''High'',''Wed'',120)';
  EXECUTE IMMEDIATE 'INSERT INTO A2_Price_List VALUES (''217'',''High'',''Thu'',120)';
  EXECUTE IMMEDIATE 'INSERT INTO A2_Price_List VALUES (''217'',''High'',''Fri'',150)';
  EXECUTE IMMEDIATE 'INSERT INTO A2_Price_List VALUES (''217'',''High'',''Sat'',150)';
  EXECUTE IMMEDIATE 'INSERT INTO A2_Price_List VALUES (''217'',''High'',''Sun'',120)';
  EXECUTE IMMEDIATE 'INSERT INTO A2_Price_List VALUES (''217'',''Mid'',''Mon'',100)';
  EXECUTE IMMEDIATE 'INSERT INTO A2_Price_List VALUES (''217'',''Mid'',''Tue'',90)';
  EXECUTE IMMEDIATE 'INSERT INTO A2_Price_List VALUES (''217'',''Mid'',''Wed'',90)';
  EXECUTE IMMEDIATE 'INSERT INTO A2_Price_List VALUES (''217'',''Mid'',''Thu'',100)';
  EXECUTE IMMEDIATE 'INSERT INTO A2_Price_List VALUES (''217'',''Mid'',''Fri'',217)';
  EXECUTE IMMEDIATE 'INSERT INTO A2_Price_List VALUES (''217'',''Mid'',''Sat'',120)';
  EXECUTE IMMEDIATE 'INSERT INTO A2_Price_List VALUES (''217'',''Mid'',''Sun'',100)';
  EXECUTE IMMEDIATE 'INSERT INTO A2_Price_List VALUES (''217'',''Low'',''Mon'',75.5)';
  EXECUTE IMMEDIATE 'INSERT INTO A2_Price_List VALUES (''217'',''Low'',''Tue'',69.5)';
  EXECUTE IMMEDIATE 'INSERT INTO A2_Price_List VALUES (''217'',''Low'',''Wed'',69.5)';
  EXECUTE IMMEDIATE 'INSERT INTO A2_Price_List VALUES (''217'',''Low'',''Thu'',80)';
  EXECUTE IMMEDIATE 'INSERT INTO A2_Price_List VALUES (''217'',''Low'',''Fri'',90)';
  EXECUTE IMMEDIATE 'INSERT INTO A2_Price_List VALUES (''217'',''Low'',''Sat'',90)';
  EXECUTE IMMEDIATE 'INSERT INTO A2_Price_List VALUES (''217'',''Low'',''Sun'',80)';
  EXECUTE IMMEDIATE 'INSERT INTO A2_Price_List VALUES (''218'',''High'',''Mon'',120)';
  EXECUTE IMMEDIATE 'INSERT INTO A2_Price_List VALUES (''218'',''High'',''Tue'',120)';
  EXECUTE IMMEDIATE 'INSERT INTO A2_Price_List VALUES (''218'',''High'',''Wed'',120)';
  EXECUTE IMMEDIATE 'INSERT INTO A2_Price_List VALUES (''218'',''High'',''Thu'',120)';
  EXECUTE IMMEDIATE 'INSERT INTO A2_Price_List VALUES (''218'',''High'',''Fri'',150)';
  EXECUTE IMMEDIATE 'INSERT INTO A2_Price_List VALUES (''218'',''High'',''Sat'',150)';
  EXECUTE IMMEDIATE 'INSERT INTO A2_Price_List VALUES (''218'',''High'',''Sun'',120)';
  EXECUTE IMMEDIATE 'INSERT INTO A2_Price_List VALUES (''218'',''Mid'',''Mon'',100)';
  EXECUTE IMMEDIATE 'INSERT INTO A2_Price_List VALUES (''218'',''Mid'',''Tue'',90)';
  EXECUTE IMMEDIATE 'INSERT INTO A2_Price_List VALUES (''218'',''Mid'',''Wed'',90)';
  EXECUTE IMMEDIATE 'INSERT INTO A2_Price_List VALUES (''218'',''Mid'',''Thu'',100)';
  EXECUTE IMMEDIATE 'INSERT INTO A2_Price_List VALUES (''218'',''Mid'',''Fri'',218)';
  EXECUTE IMMEDIATE 'INSERT INTO A2_Price_List VALUES (''218'',''Mid'',''Sat'',120)';
  EXECUTE IMMEDIATE 'INSERT INTO A2_Price_List VALUES (''218'',''Mid'',''Sun'',100)';
  EXECUTE IMMEDIATE 'INSERT INTO A2_Price_List VALUES (''218'',''Low'',''Mon'',75.5)';
  EXECUTE IMMEDIATE 'INSERT INTO A2_Price_List VALUES (''218'',''Low'',''Tue'',69.5)';
  EXECUTE IMMEDIATE 'INSERT INTO A2_Price_List VALUES (''218'',''Low'',''Wed'',69.5)';
  EXECUTE IMMEDIATE 'INSERT INTO A2_Price_List VALUES (''218'',''Low'',''Thu'',80)';
  EXECUTE IMMEDIATE 'INSERT INTO A2_Price_List VALUES (''218'',''Low'',''Fri'',90)';
  EXECUTE IMMEDIATE 'INSERT INTO A2_Price_List VALUES (''218'',''Low'',''Sat'',90)';
  EXECUTE IMMEDIATE 'INSERT INTO A2_Price_List VALUES (''218'',''Low'',''Sun'',80)';
  EXECUTE IMMEDIATE 'INSERT INTO A2_Price_List VALUES (''219'',''High'',''Mon'',120)';
  EXECUTE IMMEDIATE 'INSERT INTO A2_Price_List VALUES (''219'',''High'',''Tue'',120)';
  EXECUTE IMMEDIATE 'INSERT INTO A2_Price_List VALUES (''219'',''High'',''Wed'',120)';
  EXECUTE IMMEDIATE 'INSERT INTO A2_Price_List VALUES (''219'',''High'',''Thu'',120)';
  EXECUTE IMMEDIATE 'INSERT INTO A2_Price_List VALUES (''219'',''High'',''Fri'',150)';
  EXECUTE IMMEDIATE 'INSERT INTO A2_Price_List VALUES (''219'',''High'',''Sat'',150)';
  EXECUTE IMMEDIATE 'INSERT INTO A2_Price_List VALUES (''219'',''High'',''Sun'',120)';
  EXECUTE IMMEDIATE 'INSERT INTO A2_Price_List VALUES (''219'',''Mid'',''Mon'',100)';
  EXECUTE IMMEDIATE 'INSERT INTO A2_Price_List VALUES (''219'',''Mid'',''Tue'',90)';
  EXECUTE IMMEDIATE 'INSERT INTO A2_Price_List VALUES (''219'',''Mid'',''Wed'',90)';
  EXECUTE IMMEDIATE 'INSERT INTO A2_Price_List VALUES (''219'',''Mid'',''Thu'',100)';
  EXECUTE IMMEDIATE 'INSERT INTO A2_Price_List VALUES (''219'',''Mid'',''Fri'',110)';
  EXECUTE IMMEDIATE 'INSERT INTO A2_Price_List VALUES (''219'',''Mid'',''Sat'',120)';
  EXECUTE IMMEDIATE 'INSERT INTO A2_Price_List VALUES (''219'',''Mid'',''Sun'',100)';
  EXECUTE IMMEDIATE 'INSERT INTO A2_Price_List VALUES (''219'',''Low'',''Mon'',75.5)';
  EXECUTE IMMEDIATE 'INSERT INTO A2_Price_List VALUES (''219'',''Low'',''Tue'',69.5)';
  EXECUTE IMMEDIATE 'INSERT INTO A2_Price_List VALUES (''219'',''Low'',''Wed'',69.5)';
  EXECUTE IMMEDIATE 'INSERT INTO A2_Price_List VALUES (''219'',''Low'',''Thu'',80)';
  EXECUTE IMMEDIATE 'INSERT INTO A2_Price_List VALUES (''219'',''Low'',''Fri'',90)';
  EXECUTE IMMEDIATE 'INSERT INTO A2_Price_List VALUES (''219'',''Low'',''Sat'',90)';
  EXECUTE IMMEDIATE 'INSERT INTO A2_Price_List VALUES (''219'',''Low'',''Sun'',80)';
  EXECUTE IMMEDIATE 'INSERT INTO A2_Price_List VALUES (''220'',''High'',''Mon'',120)';
  EXECUTE IMMEDIATE 'INSERT INTO A2_Price_List VALUES (''220'',''High'',''Tue'',120)';
  EXECUTE IMMEDIATE 'INSERT INTO A2_Price_List VALUES (''220'',''High'',''Wed'',120)';
  EXECUTE IMMEDIATE 'INSERT INTO A2_Price_List VALUES (''220'',''High'',''Thu'',120)';
  EXECUTE IMMEDIATE 'INSERT INTO A2_Price_List VALUES (''220'',''High'',''Fri'',150)';
  EXECUTE IMMEDIATE 'INSERT INTO A2_Price_List VALUES (''220'',''High'',''Sat'',150)';
  EXECUTE IMMEDIATE 'INSERT INTO A2_Price_List VALUES (''220'',''High'',''Sun'',120)';
  EXECUTE IMMEDIATE 'INSERT INTO A2_Price_List VALUES (''220'',''Mid'',''Mon'',100)';
  EXECUTE IMMEDIATE 'INSERT INTO A2_Price_List VALUES (''220'',''Mid'',''Tue'',90)';
  EXECUTE IMMEDIATE 'INSERT INTO A2_Price_List VALUES (''220'',''Mid'',''Wed'',90)';
  EXECUTE IMMEDIATE 'INSERT INTO A2_Price_List VALUES (''220'',''Mid'',''Thu'',100)';
  EXECUTE IMMEDIATE 'INSERT INTO A2_Price_List VALUES (''220'',''Mid'',''Fri'',110)';
  EXECUTE IMMEDIATE 'INSERT INTO A2_Price_List VALUES (''220'',''Mid'',''Sat'',120)';
  EXECUTE IMMEDIATE 'INSERT INTO A2_Price_List VALUES (''220'',''Mid'',''Sun'',100)';
  EXECUTE IMMEDIATE 'INSERT INTO A2_Price_List VALUES (''220'',''Low'',''Mon'',75.5)';
  EXECUTE IMMEDIATE 'INSERT INTO A2_Price_List VALUES (''220'',''Low'',''Tue'',69.5)';
  EXECUTE IMMEDIATE 'INSERT INTO A2_Price_List VALUES (''220'',''Low'',''Wed'',69.5)';
  EXECUTE IMMEDIATE 'INSERT INTO A2_Price_List VALUES (''220'',''Low'',''Thu'',80)';
  EXECUTE IMMEDIATE 'INSERT INTO A2_Price_List VALUES (''220'',''Low'',''Fri'',90)';
  EXECUTE IMMEDIATE 'INSERT INTO A2_Price_List VALUES (''220'',''Low'',''Sat'',90)';
  EXECUTE IMMEDIATE 'INSERT INTO A2_Price_List VALUES (''220'',''Low'',''Sun'',80)';
  EXECUTE IMMEDIATE 'INSERT INTO A2_Price_List VALUES (''221'',''High'',''Mon'',120)';
  EXECUTE IMMEDIATE 'INSERT INTO A2_Price_List VALUES (''221'',''High'',''Tue'',120)';
  EXECUTE IMMEDIATE 'INSERT INTO A2_Price_List VALUES (''221'',''High'',''Wed'',120)';
  EXECUTE IMMEDIATE 'INSERT INTO A2_Price_List VALUES (''221'',''High'',''Thu'',120)';
  EXECUTE IMMEDIATE 'INSERT INTO A2_Price_List VALUES (''221'',''High'',''Fri'',150)';
  EXECUTE IMMEDIATE 'INSERT INTO A2_Price_List VALUES (''221'',''High'',''Sat'',150)';
  EXECUTE IMMEDIATE 'INSERT INTO A2_Price_List VALUES (''221'',''High'',''Sun'',120)';
  EXECUTE IMMEDIATE 'INSERT INTO A2_Price_List VALUES (''221'',''Mid'',''Mon'',100)';
  EXECUTE IMMEDIATE 'INSERT INTO A2_Price_List VALUES (''221'',''Mid'',''Tue'',90)';
  EXECUTE IMMEDIATE 'INSERT INTO A2_Price_List VALUES (''221'',''Mid'',''Wed'',90)';
  EXECUTE IMMEDIATE 'INSERT INTO A2_Price_List VALUES (''221'',''Mid'',''Thu'',100)';
  EXECUTE IMMEDIATE 'INSERT INTO A2_Price_List VALUES (''221'',''Mid'',''Fri'',221)';
  EXECUTE IMMEDIATE 'INSERT INTO A2_Price_List VALUES (''221'',''Mid'',''Sat'',120)';
  EXECUTE IMMEDIATE 'INSERT INTO A2_Price_List VALUES (''221'',''Mid'',''Sun'',100)';
  EXECUTE IMMEDIATE 'INSERT INTO A2_Price_List VALUES (''221'',''Low'',''Mon'',75.5)';
  EXECUTE IMMEDIATE 'INSERT INTO A2_Price_List VALUES (''221'',''Low'',''Tue'',69.5)';
  EXECUTE IMMEDIATE 'INSERT INTO A2_Price_List VALUES (''221'',''Low'',''Wed'',69.5)';
  EXECUTE IMMEDIATE 'INSERT INTO A2_Price_List VALUES (''221'',''Low'',''Thu'',80)';
  EXECUTE IMMEDIATE 'INSERT INTO A2_Price_List VALUES (''221'',''Low'',''Fri'',90)';
  EXECUTE IMMEDIATE 'INSERT INTO A2_Price_List VALUES (''221'',''Low'',''Sat'',90)';
  EXECUTE IMMEDIATE 'INSERT INTO A2_Price_List VALUES (''221'',''Low'',''Sun'',80)';
  EXECUTE IMMEDIATE 'INSERT INTO A2_Price_List VALUES (''222'',''High'',''Mon'',120)';
  EXECUTE IMMEDIATE 'INSERT INTO A2_Price_List VALUES (''222'',''High'',''Tue'',120)';
  EXECUTE IMMEDIATE 'INSERT INTO A2_Price_List VALUES (''222'',''High'',''Wed'',120)';
  EXECUTE IMMEDIATE 'INSERT INTO A2_Price_List VALUES (''222'',''High'',''Thu'',120)';
  EXECUTE IMMEDIATE 'INSERT INTO A2_Price_List VALUES (''222'',''High'',''Fri'',150)';
  EXECUTE IMMEDIATE 'INSERT INTO A2_Price_List VALUES (''222'',''High'',''Sat'',150)';
  EXECUTE IMMEDIATE 'INSERT INTO A2_Price_List VALUES (''222'',''High'',''Sun'',120)';
  EXECUTE IMMEDIATE 'INSERT INTO A2_Price_List VALUES (''222'',''Mid'',''Mon'',100)';
  EXECUTE IMMEDIATE 'INSERT INTO A2_Price_List VALUES (''222'',''Mid'',''Tue'',90)';
  EXECUTE IMMEDIATE 'INSERT INTO A2_Price_List VALUES (''222'',''Mid'',''Wed'',90)';
  EXECUTE IMMEDIATE 'INSERT INTO A2_Price_List VALUES (''222'',''Mid'',''Thu'',100)';
  EXECUTE IMMEDIATE 'INSERT INTO A2_Price_List VALUES (''222'',''Mid'',''Fri'',110)';
  EXECUTE IMMEDIATE 'INSERT INTO A2_Price_List VALUES (''222'',''Mid'',''Sat'',120)';
  EXECUTE IMMEDIATE 'INSERT INTO A2_Price_List VALUES (''222'',''Mid'',''Sun'',100)';
  EXECUTE IMMEDIATE 'INSERT INTO A2_Price_List VALUES (''222'',''Low'',''Mon'',75.5)';
  EXECUTE IMMEDIATE 'INSERT INTO A2_Price_List VALUES (''222'',''Low'',''Tue'',69.5)';
  EXECUTE IMMEDIATE 'INSERT INTO A2_Price_List VALUES (''222'',''Low'',''Wed'',69.5)';
  EXECUTE IMMEDIATE 'INSERT INTO A2_Price_List VALUES (''222'',''Low'',''Thu'',80)';
  EXECUTE IMMEDIATE 'INSERT INTO A2_Price_List VALUES (''222'',''Low'',''Fri'',90)';
  EXECUTE IMMEDIATE 'INSERT INTO A2_Price_List VALUES (''222'',''Low'',''Sat'',90)';
  EXECUTE IMMEDIATE 'INSERT INTO A2_Price_List VALUES (''222'',''Low'',''Sun'',80)';
  EXECUTE IMMEDIATE 'INSERT INTO A2_Price_List VALUES (''223'',''High'',''Mon'',120)';
  EXECUTE IMMEDIATE 'INSERT INTO A2_Price_List VALUES (''223'',''High'',''Tue'',120)';
  EXECUTE IMMEDIATE 'INSERT INTO A2_Price_List VALUES (''223'',''High'',''Wed'',120)';
  EXECUTE IMMEDIATE 'INSERT INTO A2_Price_List VALUES (''223'',''High'',''Thu'',120)';
  EXECUTE IMMEDIATE 'INSERT INTO A2_Price_List VALUES (''223'',''High'',''Fri'',150)';
  EXECUTE IMMEDIATE 'INSERT INTO A2_Price_List VALUES (''223'',''High'',''Sat'',150)';
  EXECUTE IMMEDIATE 'INSERT INTO A2_Price_List VALUES (''223'',''High'',''Sun'',120)';
  EXECUTE IMMEDIATE 'INSERT INTO A2_Price_List VALUES (''223'',''Mid'',''Mon'',100)';
  EXECUTE IMMEDIATE 'INSERT INTO A2_Price_List VALUES (''223'',''Mid'',''Tue'',90)';
  EXECUTE IMMEDIATE 'INSERT INTO A2_Price_List VALUES (''223'',''Mid'',''Wed'',90)';
  EXECUTE IMMEDIATE 'INSERT INTO A2_Price_List VALUES (''223'',''Mid'',''Thu'',100)';
  EXECUTE IMMEDIATE 'INSERT INTO A2_Price_List VALUES (''223'',''Mid'',''Fri'',223)';
  EXECUTE IMMEDIATE 'INSERT INTO A2_Price_List VALUES (''223'',''Mid'',''Sat'',120)';
  EXECUTE IMMEDIATE 'INSERT INTO A2_Price_List VALUES (''223'',''Mid'',''Sun'',100)';
  EXECUTE IMMEDIATE 'INSERT INTO A2_Price_List VALUES (''223'',''Low'',''Mon'',75.5)';
  EXECUTE IMMEDIATE 'INSERT INTO A2_Price_List VALUES (''223'',''Low'',''Tue'',69.5)';
  EXECUTE IMMEDIATE 'INSERT INTO A2_Price_List VALUES (''223'',''Low'',''Wed'',69.5)';
  EXECUTE IMMEDIATE 'INSERT INTO A2_Price_List VALUES (''223'',''Low'',''Thu'',80)';
  EXECUTE IMMEDIATE 'INSERT INTO A2_Price_List VALUES (''223'',''Low'',''Fri'',90)';
  EXECUTE IMMEDIATE 'INSERT INTO A2_Price_List VALUES (''223'',''Low'',''Sat'',90)';
  EXECUTE IMMEDIATE 'INSERT INTO A2_Price_List VALUES (''223'',''Low'',''Sun'',80)';
  EXECUTE IMMEDIATE 'INSERT INTO A2_Price_List VALUES (''224'',''High'',''Mon'',120)';
  EXECUTE IMMEDIATE 'INSERT INTO A2_Price_List VALUES (''224'',''High'',''Tue'',120)';
  EXECUTE IMMEDIATE 'INSERT INTO A2_Price_List VALUES (''224'',''High'',''Wed'',120)';
  EXECUTE IMMEDIATE 'INSERT INTO A2_Price_List VALUES (''224'',''High'',''Thu'',120)';
  EXECUTE IMMEDIATE 'INSERT INTO A2_Price_List VALUES (''224'',''High'',''Fri'',150)';
  EXECUTE IMMEDIATE 'INSERT INTO A2_Price_List VALUES (''224'',''High'',''Sat'',150)';
  EXECUTE IMMEDIATE 'INSERT INTO A2_Price_List VALUES (''224'',''High'',''Sun'',120)';
  EXECUTE IMMEDIATE 'INSERT INTO A2_Price_List VALUES (''224'',''Mid'',''Mon'',100)';
  EXECUTE IMMEDIATE 'INSERT INTO A2_Price_List VALUES (''224'',''Mid'',''Tue'',90)';
  EXECUTE IMMEDIATE 'INSERT INTO A2_Price_List VALUES (''224'',''Mid'',''Wed'',90)';
  EXECUTE IMMEDIATE 'INSERT INTO A2_Price_List VALUES (''224'',''Mid'',''Thu'',100)';
  EXECUTE IMMEDIATE 'INSERT INTO A2_Price_List VALUES (''224'',''Mid'',''Fri'',224)';
  EXECUTE IMMEDIATE 'INSERT INTO A2_Price_List VALUES (''224'',''Mid'',''Sat'',120)';
  EXECUTE IMMEDIATE 'INSERT INTO A2_Price_List VALUES (''224'',''Mid'',''Sun'',100)';
  EXECUTE IMMEDIATE 'INSERT INTO A2_Price_List VALUES (''224'',''Low'',''Mon'',75.5)';
  EXECUTE IMMEDIATE 'INSERT INTO A2_Price_List VALUES (''224'',''Low'',''Tue'',69.5)';
  EXECUTE IMMEDIATE 'INSERT INTO A2_Price_List VALUES (''224'',''Low'',''Wed'',69.5)';
  EXECUTE IMMEDIATE 'INSERT INTO A2_Price_List VALUES (''224'',''Low'',''Thu'',80)';
  EXECUTE IMMEDIATE 'INSERT INTO A2_Price_List VALUES (''224'',''Low'',''Fri'',90)';
  EXECUTE IMMEDIATE 'INSERT INTO A2_Price_List VALUES (''224'',''Low'',''Sat'',90)';
  EXECUTE IMMEDIATE 'INSERT INTO A2_Price_List VALUES (''224'',''Low'',''Sun'',80)';
  DBMS_OUTPUT.PUT_LINE(' ... A2_Price_List');
  EXECUTE IMMEDIATE 'INSERT INTO A2_Extra VALUES ( ''E01251'', ''Kettle'', ''Fast boil kettle with 6 cup capacity'', 4.50 )';
  EXECUTE IMMEDIATE 'INSERT INTO A2_Extra VALUES ( ''E01252'', ''Kettle'', ''Fast boil kettle with 6 cup capacity'', 4.50 )';
  EXECUTE IMMEDIATE 'INSERT INTO A2_Extra VALUES ( ''E01253'', ''Kettle'', ''Fast boil kettle with 6 cup capacity'', 4.50 )';
  EXECUTE IMMEDIATE 'INSERT INTO A2_Extra VALUES ( ''E01254'', ''Kettle'', ''Fast boil kettle with 6 cup capacity'', 4.50 )';
  EXECUTE IMMEDIATE 'INSERT INTO A2_Extra VALUES ( ''E01255'', ''Kettle'', ''Fast boil kettle with 6 cup capacity'', 4.50 )';
  EXECUTE IMMEDIATE 'INSERT INTO A2_Extra VALUES ( ''E01256'', ''Kettle'', ''Fast boil kettle with 6 cup capacity'', 4.50 )';
  EXECUTE IMMEDIATE 'INSERT INTO A2_Extra VALUES ( ''E01257'', ''Kettle'', ''Fast boil kettle with 6 cup capacity'', 4.50 )';
  EXECUTE IMMEDIATE 'INSERT INTO A2_Extra VALUES ( ''E01258'', ''Kettle'', ''Fast boil kettle with 6 cup capacity'', 4.50 )';
  EXECUTE IMMEDIATE 'INSERT INTO A2_Extra VALUES ( ''E01259'', ''Kettle'', ''Fast boil kettle with 6 cup capacity'', 4.50 )';
  EXECUTE IMMEDIATE 'INSERT INTO A2_Extra VALUES ( ''E01260'', ''Kettle'', ''Fast boil kettle with 6 cup capacity'', 4.50 )';
  EXECUTE IMMEDIATE 'INSERT INTO A2_Extra VALUES ( ''E01271'', ''Kettle'', ''Fast boil kettle with 6 cup capacity'', 4.50 )';
  EXECUTE IMMEDIATE 'INSERT INTO A2_Extra VALUES ( ''E01272'', ''Kettle'', ''Fast boil kettle with 6 cup capacity'', 4.50 )';
  EXECUTE IMMEDIATE 'INSERT INTO A2_Extra VALUES ( ''E01273'', ''Kettle'', ''Fast boil kettle with 6 cup capacity'', 4.50 )';
  EXECUTE IMMEDIATE 'INSERT INTO A2_Extra VALUES ( ''E01274'', ''Kettle'', ''Fast boil kettle with 6 cup capacity'', 4.50 )';
  EXECUTE IMMEDIATE 'INSERT INTO A2_Extra VALUES ( ''E01275'', ''Kettle'', ''Fast boil kettle with 6 cup capacity'', 4.50 )';
  EXECUTE IMMEDIATE 'INSERT INTO A2_Extra VALUES ( ''E01276'', ''Kettle'', ''Fast boil kettle with 6 cup capacity'', 4.50 )';
  EXECUTE IMMEDIATE 'INSERT INTO A2_Extra VALUES ( ''E01277'', ''Kettle'', ''Fast boil kettle with 6 cup capacity'', 4.50 )';
  EXECUTE IMMEDIATE 'INSERT INTO A2_Extra VALUES ( ''E01278'', ''Kettle'', ''Fast boil kettle with 6 cup capacity'', 4.50 )';
  EXECUTE IMMEDIATE 'INSERT INTO A2_Extra VALUES ( ''E01279'', ''Kettle'', ''Fast boil kettle with 6 cup capacity'', 4.50 )';
  EXECUTE IMMEDIATE 'INSERT INTO A2_Extra VALUES ( ''E01280'', ''Kettle'', ''Fast boil kettle with 6 cup capacity'', 4.50 )';
  EXECUTE IMMEDIATE 'INSERT INTO A2_Extra VALUES ( ''E01281'', ''Kettle'', ''Fast boil kettle with 2 cup capacity'', 3.50 )';
  EXECUTE IMMEDIATE 'INSERT INTO A2_Extra VALUES ( ''E01282'', ''Kettle'', ''Fast boil kettle with 2 cup capacity'', 3.50 )';
  EXECUTE IMMEDIATE 'INSERT INTO A2_Extra VALUES ( ''E01283'', ''Kettle'', ''Fast boil kettle with 2 cup capacity'', 3.50 )';
  EXECUTE IMMEDIATE 'INSERT INTO A2_Extra VALUES ( ''E01284'', ''Kettle'', ''Fast boil kettle with 6 cup capacity'', 4.50 )';
  EXECUTE IMMEDIATE 'INSERT INTO A2_Extra VALUES ( ''E01285'', ''Kettle'', ''Fast boil kettle with 6 cup capacity'', 4.50 )';
  EXECUTE IMMEDIATE 'INSERT INTO A2_Extra VALUES ( ''E01286'', ''Kettle'', ''Fast boil kettle with 6 cup capacity'', 4.50 )';
  EXECUTE IMMEDIATE 'INSERT INTO A2_Extra VALUES ( ''E01287'', ''Kettle'', ''Fast boil kettle with 6 cup capacity'', 4.50 )';
  EXECUTE IMMEDIATE 'INSERT INTO A2_Extra VALUES ( ''E01288'', ''Kettle'', ''Fast boil kettle with 6 cup capacity'', 4.50 )';
  EXECUTE IMMEDIATE 'INSERT INTO A2_Extra VALUES ( ''E01289'', ''Kettle'', ''Fast boil kettle with 6 cup capacity'', 4.50 )';
  EXECUTE IMMEDIATE 'INSERT INTO A2_Extra VALUES ( ''E01290'', ''Kettle'', ''Fast boil kettle with 6 cup capacity'', 4.50 )';
  EXECUTE IMMEDIATE 'INSERT INTO A2_Extra VALUES ( ''E01291'', ''Kettle'', ''Fast boil kettle with 6 cup capacity'', 4.50 )';
  EXECUTE IMMEDIATE 'INSERT INTO A2_Extra VALUES ( ''E01261'', ''Kettle'', ''Fast boil kettle with 6 cup capacity'', 4.50 )';
  EXECUTE IMMEDIATE 'INSERT INTO A2_Extra VALUES ( ''E01262'', ''Kettle'', ''Fast boil kettle with 6 cup capacity'', 4.50 )';
  EXECUTE IMMEDIATE 'INSERT INTO A2_Extra VALUES ( ''E01263'', ''Kettle'', ''Fast boil kettle with 6 cup capacity'', 4.50 )';
  EXECUTE IMMEDIATE 'INSERT INTO A2_Extra VALUES ( ''E01264'', ''Kettle'', ''Fast boil kettle with 6 cup capacity'', 4.50 )';
  EXECUTE IMMEDIATE 'INSERT INTO A2_Extra VALUES ( ''E01292'', ''Kettle'', ''Fast boil kettle with 8 cup capacity'', 5.50 )';
  EXECUTE IMMEDIATE 'INSERT INTO A2_Extra VALUES ( ''E01293'', ''Kettle'', ''Fast boil kettle with 8 cup capacity'', 5.50 )';
  EXECUTE IMMEDIATE 'INSERT INTO A2_Extra VALUES ( ''E01294'', ''Kettle'', ''Fast boil kettle with 8 cup capacity'', 5.50 )';
  EXECUTE IMMEDIATE 'INSERT INTO A2_Extra VALUES ( ''E01295'', ''Kettle'', ''Fast boil kettle with 8 cup capacity'', 5.50 )';
  EXECUTE IMMEDIATE 'INSERT INTO A2_Extra VALUES ( ''E01296'', ''Kettle'', ''Fast boil kettle with 8 cup capacity'', 5.50 )';
  EXECUTE IMMEDIATE 'INSERT INTO A2_Extra VALUES ( ''E01297'', ''Kettle'', ''Silent boil kettle with 4 cup capacity'', 2.50 )';
  EXECUTE IMMEDIATE 'INSERT INTO A2_Extra VALUES ( ''E01298'', ''Kettle'', ''Silent boil kettle with 4 cup capacity'', 2.50 )';
  EXECUTE IMMEDIATE 'INSERT INTO A2_Extra VALUES ( ''E01299'', ''Kettle'', ''Silent boil kettle with 4 cup capacity'', 2.50 )';
  EXECUTE IMMEDIATE 'INSERT INTO A2_Extra VALUES ( ''E01300'', ''Kettle'', ''Silent boil kettle with 4 cup capacity'', 2.50 )';
  EXECUTE IMMEDIATE 'INSERT INTO A2_Extra VALUES ( ''E01301'', ''Kettle'', ''Silent boil kettle with 4 cup capacity'', 2.50 )';
  EXECUTE IMMEDIATE 'INSERT INTO A2_Extra VALUES ( ''E01302'', ''Kettle'', ''Silent boil kettle with 4 cup capacity'', 2.50 )';
  EXECUTE IMMEDIATE 'INSERT INTO A2_Extra VALUES ( ''E01303'', ''Kettle'', ''Silent boil kettle with 6 cup capacity'', 3.75 )';
  EXECUTE IMMEDIATE 'INSERT INTO A2_Extra VALUES ( ''E01304'', ''Kettle'', ''Silent boil kettle with 6 cup capacity'', 3.75 )';
  EXECUTE IMMEDIATE 'INSERT INTO A2_Extra VALUES ( ''E01305'', ''Baby Highchair'', ''Wooden with easy-clean tray'', 4.75 )';
  EXECUTE IMMEDIATE 'INSERT INTO A2_Extra VALUES ( ''E01306'', ''Baby Highchair'', ''Wooden with easy-clean tray'', 4.75 )';
  EXECUTE IMMEDIATE 'INSERT INTO A2_Extra VALUES ( ''E01307'', ''Baby Highchair'', ''Wooden with easy-clean tray'', 4.75 )';
  EXECUTE IMMEDIATE 'INSERT INTO A2_Extra VALUES ( ''E01308'', ''Cot'', ''1.25m long white laquered wood, lowers both sides'', 5.25 )';
  EXECUTE IMMEDIATE 'INSERT INTO A2_Extra VALUES ( ''E01309'', ''Cot'', ''1.25m long white laquered wood, lowers both sides'', 5.25 )';
  EXECUTE IMMEDIATE 'INSERT INTO A2_Extra VALUES ( ''E01310'', ''Cot'', ''1.25m long white laquered wood, lowers both sides'', 5.25 )';
  EXECUTE IMMEDIATE 'INSERT INTO A2_Extra VALUES ( ''E01311'', ''Cot'', ''1.25m long white laquered wood, lowers both sides'', 5.25 )';
  EXECUTE IMMEDIATE 'INSERT INTO A2_Extra VALUES ( ''E01312'', ''Cot'', ''1.25m long white laquered wood, lowers both sides'', 5.25 )';
  EXECUTE IMMEDIATE 'INSERT INTO A2_Extra VALUES ( ''E01313'', ''Cot'', ''1.25m long white laquered wood, lowers both sides'', 5.25 )';
  EXECUTE IMMEDIATE 'INSERT INTO A2_Extra VALUES ( ''E01314'', ''Cot'', ''Collapsable cot 1.20m long'', 4.50 )';
  EXECUTE IMMEDIATE 'INSERT INTO A2_Extra VALUES ( ''E01315'', ''Cot'', ''1.2m long pine wood, lowers one sides'', 4.25 )';
  EXECUTE IMMEDIATE 'INSERT INTO A2_Extra VALUES ( ''E01316'', ''Cot'', ''1.2m long pine wood, lowers one sides'', 4.25 )';
  EXECUTE IMMEDIATE 'INSERT INTO A2_Extra VALUES ( ''E01317'', ''Cot'', ''1.2m long pine wood, lowers one sides'', 4.25 )';
  EXECUTE IMMEDIATE 'INSERT INTO A2_Extra VALUES ( ''E01318'', ''Cot'', ''1.4m long pine wood, lowers one sides'', 5.45 )';
  EXECUTE IMMEDIATE 'INSERT INTO A2_Extra VALUES ( ''E01319'', ''Iron and Board'', ''Steam Iron with extra length board'', 4.00 )';
  EXECUTE IMMEDIATE 'INSERT INTO A2_Extra VALUES ( ''E01320'', ''Iron and Board'', ''Steam Iron with extra length board'', 4.00 )';
  EXECUTE IMMEDIATE 'INSERT INTO A2_Extra VALUES ( ''E01321'', ''Iron and Board'', ''Steam Iron with standard board'', 3.30 )';
  EXECUTE IMMEDIATE 'INSERT INTO A2_Extra VALUES ( ''E01322'', ''Iron and Board'', ''Steam Iron with standard board'', 3.30 )';
  EXECUTE IMMEDIATE 'INSERT INTO A2_Extra VALUES ( ''E01323'', ''Iron and Board'', ''Steam Iron with standard board'', 3.30 )';
  EXECUTE IMMEDIATE 'INSERT INTO A2_Extra VALUES ( ''E01324'', ''Iron and Board'', ''Steam Iron with standard board'', 3.30 )';
  EXECUTE IMMEDIATE 'INSERT INTO A2_Extra VALUES ( ''E01325'', ''Iron and Board'', ''Steam Iron with standard board'', 3.30 )';
  EXECUTE IMMEDIATE 'INSERT INTO A2_Extra VALUES ( ''E01326'', ''Iron and Board'', ''Steam Iron with standard board'', 3.30 )';
  EXECUTE IMMEDIATE 'INSERT INTO A2_Extra VALUES ( ''E01327'', ''Trouser Press'', ''Foldable'', 2.80 )';
  EXECUTE IMMEDIATE 'INSERT INTO A2_Extra VALUES ( ''E01328'', ''Trouser Press'', ''Foldable'', 2.80 )';
  EXECUTE IMMEDIATE 'INSERT INTO A2_Extra VALUES ( ''E01329'', ''Trouser Press'', ''Foldable'', 2.80 )';
  EXECUTE IMMEDIATE 'INSERT INTO A2_Extra VALUES ( ''E01330'', ''Trouser Press'', ''Foldable'', 2.80 )';
  EXECUTE IMMEDIATE 'INSERT INTO A2_Extra VALUES ( ''E01331'', ''Trouser Press'', ''Foldable'', 2.80 )';
  EXECUTE IMMEDIATE 'INSERT INTO A2_Extra VALUES ( ''E01332'', ''Newspaper'', ''Daily Bugle'', 0.90 )';
  EXECUTE IMMEDIATE 'INSERT INTO A2_Extra VALUES ( ''E01333'', ''Newspaper'', ''Daily Bugle'', 0.90 )';
  EXECUTE IMMEDIATE 'INSERT INTO A2_Extra VALUES ( ''E01334'', ''Newspaper'', ''Daily Bugle'', 0.90 )';
  EXECUTE IMMEDIATE 'INSERT INTO A2_Extra VALUES ( ''E01335'', ''Newspaper'', ''Daily Reflection'', 0.80 )';
  EXECUTE IMMEDIATE 'INSERT INTO A2_Extra VALUES ( ''E01336'', ''Newspaper'', ''The Light'', 0.75 )';
  EXECUTE IMMEDIATE 'INSERT INTO A2_Extra VALUES ( ''E01337'', ''Newspaper'', ''Sunday Bugle'', 1.60 )';
  EXECUTE IMMEDIATE 'INSERT INTO A2_Extra VALUES ( ''E01338'', ''Newspaper'', ''Sunday Bugle'', 1.60 )';
  EXECUTE IMMEDIATE 'INSERT INTO A2_Extra VALUES ( ''E01339'', ''Newspaper'', ''Sunday Bugle'', 2.00 )';
  EXECUTE IMMEDIATE 'INSERT INTO A2_Extra VALUES ( ''E01340'', ''Newspaper'', ''Sunday Bugle'', 2.00 )';
  EXECUTE IMMEDIATE 'INSERT INTO A2_Extra VALUES ( ''E01341'', ''Newspaper'', ''Sunday Legend'', 1.90 )';
  EXECUTE IMMEDIATE 'INSERT INTO A2_Extra VALUES ( ''E01342'', ''Newspaper'', ''Sunday Legend'', 1.90 )';
  EXECUTE IMMEDIATE 'INSERT INTO A2_Extra VALUES ( ''E01343'', ''Newspaper'', ''Sunday Legend'', 0.90 )';
  DBMS_OUTPUT.PUT_LINE(' ... A2_Extra');
  EXECUTE IMMEDIATE 'INSERT INTO A2_Fixed_Extra VALUES ( ''101'', ''E01284'' )';
  EXECUTE IMMEDIATE 'INSERT INTO A2_Fixed_Extra VALUES ( ''102'', ''E01285'' )';
  EXECUTE IMMEDIATE 'INSERT INTO A2_Fixed_Extra VALUES ( ''103'', ''E01286'' )';
  EXECUTE IMMEDIATE 'INSERT INTO A2_Fixed_Extra VALUES ( ''104'', ''E01287'' )';
  EXECUTE IMMEDIATE 'INSERT INTO A2_Fixed_Extra VALUES ( ''106'', ''E01281'' )';
  EXECUTE IMMEDIATE 'INSERT INTO A2_Fixed_Extra VALUES ( ''107'', ''E01288'' )';
  EXECUTE IMMEDIATE 'INSERT INTO A2_Fixed_Extra VALUES ( ''108'', ''E01289'' )';
  EXECUTE IMMEDIATE 'INSERT INTO A2_Fixed_Extra VALUES ( ''113'', ''E01290'' )';
  EXECUTE IMMEDIATE 'INSERT INTO A2_Fixed_Extra VALUES ( ''114'', ''E01291'' )';
  EXECUTE IMMEDIATE 'INSERT INTO A2_Fixed_Extra VALUES ( ''117'', ''E01261'' )';
  EXECUTE IMMEDIATE 'INSERT INTO A2_Fixed_Extra VALUES ( ''118'', ''E01262'' )';
  EXECUTE IMMEDIATE 'INSERT INTO A2_Fixed_Extra VALUES ( ''120'', ''E01296'' )';
  EXECUTE IMMEDIATE 'INSERT INTO A2_Fixed_Extra VALUES ( ''201'', ''E01271'' )';
  EXECUTE IMMEDIATE 'INSERT INTO A2_Fixed_Extra VALUES ( ''202'', ''E01272'' )';
  EXECUTE IMMEDIATE 'INSERT INTO A2_Fixed_Extra VALUES ( ''203'', ''E01273'' )';
  EXECUTE IMMEDIATE 'INSERT INTO A2_Fixed_Extra VALUES ( ''208'', ''E01295'' )';
  EXECUTE IMMEDIATE 'INSERT INTO A2_Fixed_Extra VALUES ( ''209'', ''E01274'' )';
  EXECUTE IMMEDIATE 'INSERT INTO A2_Fixed_Extra VALUES ( ''210'', ''E01275'' )';
  EXECUTE IMMEDIATE 'INSERT INTO A2_Fixed_Extra VALUES ( ''211'', ''E01276'' )';
  EXECUTE IMMEDIATE 'INSERT INTO A2_Fixed_Extra VALUES ( ''217'', ''E01277'' )';
  EXECUTE IMMEDIATE 'INSERT INTO A2_Fixed_Extra VALUES ( ''218'', ''E01278'' )';
  EXECUTE IMMEDIATE 'INSERT INTO A2_Fixed_Extra VALUES ( ''219'', ''E01279'' )';
  EXECUTE IMMEDIATE 'INSERT INTO A2_Fixed_Extra VALUES ( ''222'', ''E01283'' )';
  EXECUTE IMMEDIATE 'INSERT INTO A2_Fixed_Extra VALUES ( ''223'', ''E01282'' )';
  EXECUTE IMMEDIATE 'INSERT INTO A2_Fixed_Extra VALUES ( ''224'', ''E01280'' )';
  EXECUTE IMMEDIATE 'INSERT INTO A2_Fixed_Extra VALUES ( ''005'', ''E01327'' )';
  EXECUTE IMMEDIATE 'INSERT INTO A2_Fixed_Extra VALUES ( ''114'', ''E01328'' )';
  EXECUTE IMMEDIATE 'INSERT INTO A2_Fixed_Extra VALUES ( ''218'', ''E01329'' )';
  DBMS_OUTPUT.PUT_LINE(' ... A2_Fixed_Extra');
  EXECUTE IMMEDIATE 'INSERT INTO A2_Additional_Extra VALUES ( ''HH00040134'', ''224'', TO_DATE( ''20/04/2022'', ''DD/MM/YYYY'' ), ''E01322'')';
  EXECUTE IMMEDIATE 'INSERT INTO A2_Additional_Extra VALUES ( ''HH00040135'', ''224'', TO_DATE( ''29/06/2022'', ''DD/MM/YYYY'' ), ''E01322'')';
  EXECUTE IMMEDIATE 'INSERT INTO A2_Additional_Extra VALUES ( ''HH00040136'', ''105'', TO_DATE( ''28/05/2022'', ''DD/MM/YYYY'' ), ''E01303'')';
  EXECUTE IMMEDIATE 'INSERT INTO A2_Additional_Extra VALUES ( ''HH00040136'', ''105'', TO_DATE( ''29/05/2022'', ''DD/MM/YYYY'' ), ''E01303'')';
  EXECUTE IMMEDIATE 'INSERT INTO A2_Additional_Extra VALUES ( ''HH00040139'', ''210'', TO_DATE( ''09/06/2022'', ''DD/MM/YYYY'' ), ''E01303'')';
  EXECUTE IMMEDIATE 'INSERT INTO A2_Additional_Extra VALUES ( ''HH00040142'', ''114'', TO_DATE( ''18/06/2022'', ''DD/MM/YYYY'' ), ''E01321'')';
  EXECUTE IMMEDIATE 'INSERT INTO A2_Additional_Extra VALUES ( ''HH00040143'', ''204'', TO_DATE( ''26/05/2022'', ''DD/MM/YYYY'' ), ''E01264'')';
  EXECUTE IMMEDIATE 'INSERT INTO A2_Additional_Extra VALUES ( ''HH00040143'', ''204'', TO_DATE( ''27/05/2022'', ''DD/MM/YYYY'' ), ''E01264'')';
  EXECUTE IMMEDIATE 'INSERT INTO A2_Additional_Extra VALUES ( ''HH00040147'', ''202'', TO_DATE( ''18/06/2022'', ''DD/MM/YYYY'' ), ''E01320'')';
  EXECUTE IMMEDIATE 'INSERT INTO A2_Additional_Extra VALUES ( ''HH00040147'', ''208'', TO_DATE( ''18/06/2022'', ''DD/MM/YYYY'' ), ''E01342'')';
  EXECUTE IMMEDIATE 'INSERT INTO A2_Additional_Extra VALUES ( ''HH00040148'', ''218'', TO_DATE( ''05/07/2022'', ''DD/MM/YYYY'' ), ''E01333'')';
  EXECUTE IMMEDIATE 'INSERT INTO A2_Additional_Extra VALUES ( ''HH00040150'', ''206'', TO_DATE( ''16/07/2022'', ''DD/MM/YYYY'' ), ''E01337'')';
  EXECUTE IMMEDIATE 'INSERT INTO A2_Additional_Extra VALUES ( ''HH00040151'', ''108'', TO_DATE( ''05/06/2022'', ''DD/MM/YYYY'' ), ''E01338'')';
  EXECUTE IMMEDIATE 'INSERT INTO A2_Additional_Extra VALUES ( ''HH00040152'', ''002'', TO_DATE( ''01/07/2022'', ''DD/MM/YYYY'' ), ''E01315'')';
  EXECUTE IMMEDIATE 'INSERT INTO A2_Additional_Extra VALUES ( ''HH00040152'', ''002'', TO_DATE( ''02/07/2022'', ''DD/MM/YYYY'' ), ''E01315'')';
  EXECUTE IMMEDIATE 'INSERT INTO A2_Additional_Extra VALUES ( ''HH00040152'', ''002'', TO_DATE( ''03/07/2022'', ''DD/MM/YYYY'' ), ''E01315'')';
  EXECUTE IMMEDIATE 'INSERT INTO A2_Additional_Extra VALUES ( ''HH00040156'', ''115'', TO_DATE( ''13/07/2022'', ''DD/MM/YYYY'' ), ''E01334'')';
  EXECUTE IMMEDIATE 'INSERT INTO A2_Additional_Extra VALUES ( ''HH00040156'', ''115'', TO_DATE( ''13/07/2022'', ''DD/MM/YYYY'' ), ''E01259'')';
  EXECUTE IMMEDIATE 'INSERT INTO A2_Additional_Extra VALUES ( ''HH00040161'', ''103'', TO_DATE( ''07/07/2022'', ''DD/MM/YYYY'' ), ''E01322'')';
  EXECUTE IMMEDIATE 'INSERT INTO A2_Additional_Extra VALUES ( ''HH00040162'', ''219'', TO_DATE( ''25/06/2022'', ''DD/MM/YYYY'' ), ''E01340'')';
  EXECUTE IMMEDIATE 'INSERT INTO A2_Additional_Extra VALUES ( ''HH00040162'', ''114'', TO_DATE( ''25/06/2022'', ''DD/MM/YYYY'' ), ''E01339'')';
  EXECUTE IMMEDIATE 'INSERT INTO A2_Additional_Extra VALUES ( ''HH00040163'', ''109'', TO_DATE( ''01/06/2022'', ''DD/MM/YYYY'' ), ''E01256'')';
  EXECUTE IMMEDIATE 'INSERT INTO A2_Additional_Extra VALUES ( ''HH00040167'', ''107'', TO_DATE( ''16/07/2022'', ''DD/MM/YYYY'' ), ''E01341'')';
  EXECUTE IMMEDIATE 'INSERT INTO A2_Additional_Extra VALUES ( ''HH00040170'', ''105'', TO_DATE( ''20/08/2022'', ''DD/MM/YYYY'' ), ''E01317'')';
  EXECUTE IMMEDIATE 'INSERT INTO A2_Additional_Extra VALUES ( ''HH00040170'', ''111'', TO_DATE( ''20/08/2022'', ''DD/MM/YYYY'' ), ''E01310'')';
  EXECUTE IMMEDIATE 'INSERT INTO A2_Additional_Extra VALUES ( ''HH00040170'', ''118'', TO_DATE( ''20/08/2022'', ''DD/MM/YYYY'' ), ''E01313'')';
  EXECUTE IMMEDIATE 'INSERT INTO A2_Additional_Extra VALUES ( ''HH00040170'', ''118'', TO_DATE( ''20/08/2022'', ''DD/MM/YYYY'' ), ''E01306'')';
  EXECUTE IMMEDIATE 'INSERT INTO A2_Additional_Extra VALUES ( ''HH00040172'', ''211'', TO_DATE( ''27/07/2022'', ''DD/MM/YYYY'' ), ''E01335'')';
  EXECUTE IMMEDIATE 'INSERT INTO A2_Additional_Extra VALUES ( ''HH00040173'', ''218'', TO_DATE( ''30/07/2022'', ''DD/MM/YYYY'' ), ''E01343'')';
  EXECUTE IMMEDIATE 'INSERT INTO A2_Additional_Extra VALUES ( ''HH00040181'', ''218'', TO_DATE( ''10/08/2022'', ''DD/MM/YYYY'' ), ''E01336'')';
  EXECUTE IMMEDIATE 'INSERT INTO A2_Additional_Extra VALUES ( ''HH00040182'', ''224'', TO_DATE( ''10/08/2022'', ''DD/MM/YYYY'' ), ''E01316'')';
  EXECUTE IMMEDIATE 'INSERT INTO A2_Additional_Extra VALUES ( ''HH00040182'', ''224'', TO_DATE( ''11/08/2022'', ''DD/MM/YYYY'' ), ''E01316'')';
  EXECUTE IMMEDIATE 'INSERT INTO A2_Additional_Extra VALUES ( ''HH00040182'', ''224'', TO_DATE( ''12/08/2022'', ''DD/MM/YYYY'' ), ''E01316'')';
  DBMS_OUTPUT.PUT_LINE(' ... A2_Additional_Extra');
  DBMS_OUTPUT.PUT_LINE('');
  DBMS_OUTPUT.PUT_LINE('All tables populated.');
END;
/

SET SERVEROUTPUT OFF